代码,地域
300430,北京板块
300287,北京板块
300070,北京板块
002657,北京板块
300383,北京板块
002642,北京板块
600588,北京板块
300370,北京板块
300075,北京板块
300419,北京板块
300374,北京板块
300055,北京板块
300399,北京板块
300392,北京板块
601390,北京板块
300010,北京板块
002707,北京板块
300104,北京板块
300071,北京板块
002649,北京板块
300318,北京板块
002306,北京板块
002385,北京板块
300072,北京板块
002662,北京板块
300003,北京板块
300353,北京板块
600161,北京板块
002153,北京板块
002405,北京板块
600085,北京板块
600138,北京板块
300231,北京板块
300182,北京板块
002599,北京板块
600266,北京板块
000758,北京板块
601126,北京板块
002371,北京板块
300079,北京板块
000882,北京板块
600198,北京板块
300324,北京板块
601111,北京板块
300065,北京板块
300384,北京板块
000798,北京板块
002148,北京板块
603000,北京板块
600764,北京板块
600206,北京板块
000504,北京板块
601558,北京板块
601186,北京板块
600560,北京板块
300166,北京板块
000725,北京板块
300058,北京板块
300365,北京板块
002362,北京板块
600489,北京板块
300302,北京板块
300315,北京板块
600037,北京板块
002462,北京板块
002065,北京板块
000959,北京板块
300156,北京板块
600118,北京板块
002439,北京板块
600058,北京板块
600511,北京板块
002467,北京板块
600008,北京板块
601288,北京板块
300386,北京板块
002383,北京板块
601588,北京板块
601336,北京板块
000902,北京板块
601886,北京板块
601669,北京板块
600100,北京板块
002066,北京板块
600578,北京板块
300282,北京板块
000666,北京板块
600855,北京板块
300045,北京板块
600372,北京板块
300212,北京板块
002701,北京板块
002373,北京板块
002450,北京板块
600055,北京板块
600435,北京板块
600730,北京板块
600582,北京板块
300005,北京板块
002051,北京板块
600410,北京板块
601398,北京板块
600011,北京板块
000729,北京板块
300271,北京板块
002710,北京板块
300036,北京板块
300038,北京板块
300367,北京板块
300213,北京板块
300002,北京板块
300073,北京板块
002721,北京板块
300379,北京板块
600258,北京板块
000969,北京板块
600246,北京板块
300034,北京板块
000938,北京板块
600962,北京板块
002350,北京板块
000996,北京板块
002410,北京板块
600271,北京板块
601992,北京板块
601988,北京板块
000605,北京板块
002279,北京板块
000010,北京板块
600062,北京板块
000860,北京板块
000931,北京板块
601888,北京板块
300364,北京板块
002573,北京板块
002658,北京板块
002665,北京板块
600176,北京板块
600900,北京板块
300204,北京板块
601101,北京板块
601939,北京板块
600386,北京板块
601169,北京板块
002151,北京板块
600861,北京板块
600028,北京板块
002038,北京板块
601898,北京板块
002310,北京板块
002554,北京板块
000916,北京板块
002392,北京板块
300332,北京板块
002713,北京板块
600159,北京板块
300229,北京板块
300289,北京板块
000786,北京板块
600240,北京板块
600859,北京板块
600485,北京板块
600016,北京板块
300418,北京板块
601618,北京板块
600015,北京板块
600405,北京板块
603698,北京板块
601299,北京板块
300291,北京板块
300011,北京板块
601989,北京板块
300191,北京板块
600270,北京板块
600860,北京板块
300150,北京板块
300406,北京板块
600658,北京板块
601600,北京板块
300117,北京板块
300352,北京板块
300369,北京板块
300296,北京板块
300309,北京板块
601766,北京板块
002186,北京板块
601857,北京板块
002738,北京板块
002612,北京板块
603588,北京板块
601818,北京板块
300251,北京板块
000603,北京板块
601998,北京板块
601088,北京板块
600536,北京板块
000839,北京板块
600166,北京板块
300223,北京板块
000970,北京板块
600723,北京板块
601016,北京板块
601226,北京板块
300312,北京板块
300344,北京板块
601991,北京板块
300048,北京板块
300139,北京板块
600313,北京板块
600031,北京板块
600056,北京板块
000151,北京板块
600657,北京板块
002542,北京板块
601117,北京板块
601668,北京板块
600890,北京板块
601800,北京板块
601718,北京板块
000609,北京板块
002368,北京板块
600980,北京板块
603123,北京板块
002739,北京板块
601628,北京板块
300157,北京板块
000620,北京板块
600007,北京板块
000402,北京板块
300016,北京板块
300200,北京板块
600299,北京板块
600376,北京板块
600429,北京板块
600195,北京板块
000838,北京板块
600288,北京板块
600791,北京板块
600361,北京板块
002271,北京板块
000802,北京板块
601198,北京板块
000065,北京板块
000046,北京板块
600463,北京板块
601908,北京板块
600653,上海板块
600094,上海板块
002195,上海板块
603012,上海板块
603030,上海板块
300074,上海板块
300226,上海板块
600623,上海板块
600845,上海板块
600958,上海板块
600767,上海板块
300286,上海板块
600193,上海板块
600689,上海板块
600115,上海板块
002527,上海板块
600695,上海板块
600081,上海板块
300262,上海板块
300378,上海板块
300170,上海板块
600490,上海板块
002568,上海板块
002162,上海板块
601231,上海板块
600650,上海板块
600018,上海板块
300236,上海板块
600021,上海板块
002184,上海板块
600019,上海板块
002178,上海板块
600835,上海板块
300380,上海板块
002324,上海板块
600834,上海板块
300253,上海板块
600663,上海板块
300326,上海板块
600097,上海板块
601866,上海板块
600500,上海板块
601727,上海板块
002328,上海板块
600696,上海板块
600640,上海板块
600420,上海板块
600680,上海板块
600284,上海板块
600665,上海板块
300171,上海板块
600843,上海板块
600655,上海板块
600628,上海板块
600621,上海板块
603006,上海板块
600846,上海板块
600637,上海板块
600848,上海板块
600652,上海板块
600119,上海板块
600315,上海板块
600612,上海板块
002252,上海板块
300039,上海板块
300017,上海板块
600832,上海板块
600662,上海板块
002454,上海板块
600754,上海板块
603899,上海板块
600818,上海板块
002269,上海板块
600009,上海板块
600614,上海板块
600615,上海板块
600648,上海板块
600150,上海板块
000668,上海板块
600838,上海板块
600748,上海板块
600741,上海板块
600649,上海板块
300168,上海板块
600597,上海板块
603020,上海板块
300222,上海板块
300059,上海板块
600604,上海板块
002506,上海板块
603003,上海板块
600654,上海板块
300126,上海板块
600503,上海板块
600679,上海板块
600827,上海板块
300008,上海板块
600073,上海板块
000863,上海板块
300230,上海板块
300180,上海板块
601872,上海板块
300153,上海板块
600104,上海板块
601519,上海板块
601616,上海板块
600026,上海板块
600823,上海板块
600171,上海板块
600619,上海板块
002158,上海板块
600624,上海板块
600530,上海板块
600688,上海板块
600210,上海板块
600611,上海板块
300336,上海板块
603306,上海板块
600676,上海板块
600635,上海板块
600675,上海板块
600634,上海板块
300225,上海板块
603128,上海板块
002022,上海板块
600626,上海板块
600641,上海板块
601328,上海板块
600000,上海板块
600833,上海板块
600636,上海板块
600088,上海板块
300129,上海板块
002565,上海板块
002636,上海板块
002706,上海板块
600629,上海板块
600151,上海板块
002401,上海板块
600196,上海板块
600836,上海板块
002278,上海板块
600601,上海板块
600622,上海板块
600851,上海板块
600826,上海板块
601601,上海板块
002058,上海板块
600608,上海板块
600320,上海板块
002028,上海板块
300330,上海板块
600061,上海板块
300245,上海板块
600708,上海板块
300067,上海板块
600170,上海板块
603009,上海板块
600630,上海板块
600692,上海板块
300061,上海板块
600647,上海板块
600517,上海板块
600620,上海板块
600841,上海板块
600732,上海板块
002561,上海板块
600638,上海板块
600820,上海板块
600844,上海板块
600555,上海板块
600602,上海板块
600616,上海板块
600050,上海板块
600606,上海板块
600605,上海板块
600618,上海板块
600508,上海板块
600837,上海板块
002346,上海板块
600278,上海板块
002605,上海板块
600824,上海板块
600816,上海板块
600613,上海板块
600642,上海板块
601788,上海板块
300398,上海板块
601607,上海板块
600272,上海板块
002486,上海板块
600822,上海板块
600643,上海板块
600825,上海板块
300272,上海板块
600895,上海板块
002669,上海板块
601021,上海板块
600617,上海板块
600819,上海板块
300327,上海板块
002451,上海板块
600072,上海板块
600610,上海板块
600651,上海板块
600639,上海板块
600850,上海板块
600661,上海板块
300195,天津板块
300119,天津板块
300026,天津板块
600329,天津板块
603019,天津板块
600717,天津板块
600821,天津板块
600645,天津板块
600787,天津板块
300334,天津板块
000836,天津板块
600488,天津板块
600535,天津板块
600751,天津板块
000897,天津板块
000594,天津板块
600225,天津板块
600874,天津板块
600335,天津板块
601919,天津板块
002393,天津板块
002129,天津板块
002134,天津板块
300375,天津板块
300120,天津板块
603126,天津板块
601808,天津板块
600468,天津板块
002510,天津板块
600800,天津板块
600082,天津板块
300407,天津板块
600583,天津板块
000927,天津板块
002432,天津板块
000537,天津板块
600322,天津板块
000652,天津板块
603969,天津板块
600158,天津板块
000965,天津板块
000695,天津板块
002256,广东板块
002152,广东板块
002238,广东板块
000150,广东板块
300310,广东板块
002101,广东板块
002212,广东板块
002055,广东板块
002063,广东板块
300333,广东板块
300359,广东板块
002356,广东板块
002577,广东板块
300115,广东板块
002285,广东板块
000020,广东板块
002609,广东板块
603268,广东板块
000893,广东板块
002663,广东板块
002388,广东板块
002227,广东板块
002672,广东板块
300297,广东板块
600728,广东板块
002215,广东板块
002400,广东板块
002587,广东板块
300042,广东板块
300124,广东板块
300319,广东板块
600894,广东板块
000066,广东板块
002575,广东板块
600029,广东板块
300235,广东板块
300085,广东板块
300377,广东板块
002387,广东板块
300264,广东板块
002121,广东板块
300173,广东板块
002325,广东板块
300112,广东板块
300206,广东板块
002495,广东板块
002017,广东板块
300155,广东板块
300193,广东板块
300178,广东板块
603898,广东板块
300277,广东板块
002031,广东板块
002419,广东板块
002684,广东板块
600446,广东板块
600183,广东板块
300130,广东板块
300134,广东板块
002141,广东板块
000659,广东板块
000601,广东板块
000023,广东板块
000056,广东板块
300311,广东板块
300093,广东板块
002191,广东板块
300301,广东板块
300047,广东板块
002584,广东板块
300052,广东板块
600185,广东板块
000061,广东板块
002218,广东板块
002192,广东板块
300408,广东板块
002544,广东板块
002183,广东板块
300044,广东板块
300227,广东板块
002492,广东板块
002436,广东板块
601333,广东板块
002572,广东板块
002076,广东板块
000534,广东板块
300014,广东板块
002348,广东板块
000539,广东板块
000637,广东板块
002168,广东板块
000717,广东板块
002616,广东板块
002678,广东板块
300389,广东板块
300221,广东板块
000063,广东板块
002181,广东板块
002170,广东板块
002334,广东板块
300197,广东板块
002313,广东板块
002431,广东板块
002429,广东板块
300350,广东板块
000690,广东板块
002045,广东板块
002163,广东板块
600162,广东板块
000048,广东板块
002187,广东板块
300154,广东板块
300400,广东板块
000025,广东板块
002735,广东板块
600323,广东板块
600673,广东板块
000015,广东板块
600143,广东板块
002197,广东板块
600242,广东板块
000019,广东板块
002638,广东板块
000060,广东板块
300151,广东板块
002594,广东板块
002518,广东板块
600433,广东板块
002620,广东板块
000004,广东板块
002303,广东板块
002402,广东板块
300146,广东板块
002683,广东板块
002369,广东板块
000999,广东板块
300089,广东板块
002292,广东板块
002060,广东板块
000685,广东板块
000003,广东板块
002294,广东板块
002512,广东板块
000033,广东板块
000008,广东板块
000005,广东板块
000502,广东板块
002548,广东板块
000013,广东板块
000012,广东板块
000034,广东板块
002316,广东板块
000636,广东板块
002319,广东板块
002317,广东板块
002301,广东板块
002249,广东板块
002137,广东板块
002180,广东板块
000828,广东板块
000078,广东板块
002441,广东板块
002425,广东板块
000038,广东板块
002446,广东板块
002421,广东板块
002169,广东板块
000070,广东板块
000062,广东板块
000068,广东板块
002611,广东板块
300269,广东板块
300242,广东板块
300241,广东板块
300322,广东板块
600083,广东板块
300348,广东板块
002711,广东板块
300232,广东板块
300098,广东板块
300063,广东板块
300053,广东板块
300131,广东板块
300186,广东板块
300177,广东板块
002728,广东板块
600868,广东板块
300030,广东板块
600866,广东板块
002660,广东板块
600656,广东板块
002656,广东板块
000047,广东板块
002233,广东板块
002260,广东板块
002717,广东板块
000088,广东板块
002551,广东板块
002670,广东板块
002308,广东板块
002340,广东板块
000089,广东板块
600518,广东板块
300273,广东板块
000429,广东板块
300417,广东板块
300083,广东板块
000001,广东板块
000029,广东板块
000032,广东板块
000513,广东板块
002138,广东板块
002618,广东板块
002420,广东板块
600525,广东板块
300252,广东板块
002600,广东板块
002130,广东板块
600332,广东板块
002528,广东板块
002288,广东板块
000028,广东板块
000049,广东板块
300303,广东板块
002311,广东板块
000100,广东板块
000555,广东板块
300043,广东板块
600004,广东板块
000035,广东板块
000009,广东板块
000096,广东板块
002139,广东板块
002723,广东板块
002449,广东板块
300136,广东板块
000861,广东板块
002351,广东板块
000018,广东板块
002341,广东板块
603309,广东板块
600036,广东板块
002209,广东板块
600428,广东板块
300281,广东板块
000026,广东板块
002709,广东板块
002243,广东板块
000823,广东板块
002008,广东板块
000651,广东板块
300050,广东板块
600892,广东板块
002167,广东板块
000333,广东板块
002705,广东板块
000006,广东板块
002666,广东板块
000973,广东板块
002291,广东板块
300219,广东板块
300335,广东板块
002433,广东板块
002399,广东板块
002213,广东板块
000524,广东板块
000573,广东板块
000532,广东板块
000533,广东板块
002345,广东板块
000040,广东板块
002047,广东板块
300004,广东板块
600548,广东板块
000045,广东板块
300409,广东板块
002475,广东板块
002210,广东板块
002482,广东板块
002289,广东板块
300317,广东板块
300328,广东板块
002465,广东板块
000776,广东板块
002416,广东板块
300381,广东板块
002005,广东板块
603328,广东板块
002724,广东板块
300238,广东板块
002295,广东板块
002198,广东板块
000975,广东板块
300410,广东板块
002052,广东板块
000027,广东板块
600872,广东板块
000050,广东板块
600499,广东板块
300403,广东板块
600978,广东板块
002030,广东板块
002511,广东板块
000541,广东板块
300199,广东板块
300057,广东板块
000042,广东板块
000036,广东板块
002745,广东板块
000055,广东板块
002035,广东板块
002654,广东板块
000523,广东板块
600030,广东板块
000712,广东板块
300149,广东板块
000099,广东板块
600380,广东板块
300376,广东板块
000007,广东板块
300143,广东板块
002741,广东板块
002106,广东板块
002084,广东板块
002668,广东板块
000507,广东板块
000037,广东板块
000039,广东板块
002105,广东板块
000021,广东板块
002715,广东板块
300207,广东板块
600382,广东板块
300415,广东板块
002733,广东板块
002240,广东板块
603002,广东板块
000576,广东板块
002336,广东板块
600999,广东板块
600685,广东板块
600393,广东板块
000014,广东板块
002161,广东板块
000017,广东板块
002740,广东板块
000529,广东板块
000921,广东板块
601139,广东板块
000058,广东板块
000016,广东板块
002583,广东板块
300012,广东板块
002177,广东板块
002732,广东板块
603288,广东板块
300167,广东板块
601515,广东板块
300077,广东板块
002676,广东板块
000987,广东板块
603118,广东板块
601238,广东板块
601318,广东板块
000002,广东板块
000022,广东板块
300094,广东板块
000011,广东板块
600383,广东板块
300176,广东板块
002054,广东板块
000782,广东板块
600098,广东板块
002456,广东板块
000043,广东板块
002736,广东板块
002543,广东板块
002461,广东板块
000976,广东板块
000031,广东板块
600589,广东板块
300246,广东板块
002027,广东板块
600048,广东板块
002579,广东板块
300162,广东板块
000024,广东板块
000090,广东板块
600684,广东板块
002314,广东板块
002503,广东板块
600325,广东板块
000531,广东板块
300340,广东板块
002681,广东板块
002327,广东板块
002016,广东板块
002502,广东板块
300147,广东板块
300194,重庆板块
600729,重庆板块
601005,重庆板块
603100,重庆板块
601158,重庆板块
600847,重庆板块
000688,重庆板块
000565,重庆板块
603766,重庆板块
000788,重庆板块
002507,重庆板块
000656,重庆板块
001696,重庆板块
600292,重庆板块
600452,重庆板块
000591,重庆板块
000514,重庆板块
002558,重庆板块
000625,重庆板块
600129,重庆板块
601965,重庆板块
300122,重庆板块
600279,重庆板块
601777,重庆板块
600877,重庆板块
002004,重庆板块
000892,重庆板块
600917,重庆板块
600132,重庆板块
600666,重庆板块
600369,重庆板块
603601,重庆板块
000736,重庆板块
000950,重庆板块
600116,重庆板块
600565,重庆板块
600106,重庆板块
300006,重庆板块
300275,重庆板块
600187,黑龙江板块
601188,黑龙江板块
601106,黑龙江板块
000922,黑龙江板块
600095,黑龙江板块
600853,黑龙江板块
600289,黑龙江板块
000901,黑龙江板块
600202,黑龙江板块
600726,黑龙江板块
002437,黑龙江板块
000711,黑龙江板块
000587,黑龙江板块
600179,黑龙江板块
300040,黑龙江板块
600701,黑龙江板块
000985,黑龙江板块
600038,黑龙江板块
600356,黑龙江板块
601011,黑龙江板块
000832,黑龙江板块
600371,黑龙江板块
600891,黑龙江板块
600829,黑龙江板块
600182,黑龙江板块
600664,黑龙江板块
600178,黑龙江板块
600864,黑龙江板块
600705,黑龙江板块
002737,黑龙江板块
600811,黑龙江板块
600598,黑龙江板块
002622,吉林板块
002338,吉林板块
000718,吉林板块
000875,吉林板块
601518,吉林板块
600215,吉林板块
300396,吉林板块
000546,吉林板块
002232,吉林板块
600333,吉林板块
000623,吉林板块
000928,吉林板块
600856,吉林板块
000991,吉林板块
600742,吉林板块
600189,吉林板块
000766,吉林板块
000545,吉林板块
600432,吉林板块
002566,吉林板块
600462,吉林板块
603099,吉林板块
000030,吉林板块
000661,吉林板块
600365,吉林板块
000800,吉林板块
600247,吉林板块
002118,吉林板块
000631,吉林板块
300108,吉林板块
000686,吉林板块
600110,吉林板块
601929,吉林板块
000420,吉林板块
600360,吉林板块
600867,吉林板块
600697,吉林板块
600881,吉林板块
000669,吉林板块
002501,吉林板块
600148,吉林板块
300293,辽宁板块
300024,辽宁板块
002354,辽宁板块
600739,辽宁板块
300202,辽宁板块
600718,辽宁板块
601880,辽宁板块
300290,辽宁板块
000585,辽宁板块
600297,辽宁板块
600694,辽宁板块
000761,辽宁板块
600125,辽宁板块
000511,辽宁板块
600346,辽宁板块
000898,辽宁板块
600317,辽宁板块
600306,辽宁板块
600399,辽宁板块
002667,辽宁板块
002204,辽宁板块
600190,辽宁板块
600231,辽宁板块
600609,辽宁板块
000827,辽宁板块
600593,辽宁板块
000817,辽宁板块
002220,辽宁板块
002487,辽宁板块
600303,辽宁板块
600233,辽宁板块
002123,辽宁板块
000692,辽宁板块
002231,辽宁板块
300125,辽宁板块
000410,辽宁板块
000633,辽宁板块
000616,辽宁板块
600747,辽宁板块
000715,辽宁板块
000820,辽宁板块
603399,辽宁板块
600795,辽宁板块
600715,辽宁板块
000597,辽宁板块
002731,辽宁板块
002069,辽宁板块
000818,辽宁板块
002447,辽宁板块
000679,辽宁板块
000881,辽宁板块
000751,辽宁板块
600719,辽宁板块
002689,辽宁板块
300210,辽宁板块
002621,辽宁板块
300082,辽宁板块
300405,辽宁板块
000638,辽宁板块
603609,辽宁板块
000059,辽宁板块
000698,辽宁板块
600396,辽宁板块
000809,辽宁板块
601999,辽宁板块
000530,辽宁板块
600241,辽宁板块
002606,辽宁板块
300372,辽宁板块
600167,辽宁板块
600758,辽宁板块
300081,河北板块
600559,河北板块
000709,河北板块
600340,河北板块
600149,河北板块
600812,河北板块
000401,河北板块
601633,河北板块
300107,河北板块
002108,河北板块
600482,河北板块
000778,河北板块
002691,河北板块
300368,河北板块
000687,河北板块
000889,河北板块
002442,河北板块
600155,河北板块
300137,河北板块
601000,河北板块
300371,河北板块
000923,河北板块
000958,河北板块
002603,河北板块
002494,河北板块
600803,河北板块
000158,河北板块
000848,河北板块
601258,河北板块
600722,河北板块
600230,河北板块
000600,河北板块
600480,河北板块
002146,河北板块
000856,河北板块
600550,河北板块
000413,河北板块
002049,河北板块
000408,河北板块
600135,河北板块
600997,河北板块
000937,河北板块
002459,河北板块
002282,河北板块
002342,河北板块
600965,河北板块
300255,河北板块
600409,河北板块
300138,河北板块
600469,河南板块
300248,河南板块
001896,河南板块
600569,河南板块
600186,河南板块
601717,河南板块
300109,河南板块
002189,河南板块
002535,河南板块
002613,河南板块
600781,河南板块
002296,河南板块
600172,河南板块
002423,河南板块
300179,河南板块
002007,河南板块
002407,河南板块
000544,河南板块
002536,河南板块
300259,河南板块
300080,河南板块
002358,河南板块
600531,河南板块
000676,河南板块
601608,河南板块
000719,河南板块
600285,河南板块
002321,河南板块
000956,河南板块
601666,河南板块
000612,河南板块
603993,河南板块
002406,河南板块
002179,河南板块
600222,河南板块
600121,河南板块
000895,河南板块
002087,河南板块
002216,河南板块
002560,河南板块
601677,河南板块
300064,河南板块
002225,河南板块
000400,河南板块
002714,河南板块
002448,河南板块
600876,河南板块
600439,河南板块
002477,河南板块
002132,河南板块
002582,河南板块
300263,河南板块
600753,河南板块
000949,河南板块
600403,河南板块
600207,河南板块
000885,河南板块
300007,河南板块
601038,河南板块
600595,河南板块
600066,河南板块
000933,河南板块
600810,河南板块
600312,河南板块
002046,河南板块
002601,河南板块
600069,河南板块
002107,山东板块
002072,山东板块
000599,山东板块
002498,山东板块
300175,山东板块
600532,山东板块
600766,山东板块
002363,山东板块
002073,山东板块
300185,山东板块
002339,山东板块
000682,山东板块
002526,山东板块
000880,山东板块
002248,山东板块
600350,山东板块
600017,山东板块
002537,山东板块
600547,山东板块
600783,山东板块
300343,山东板块
002286,山东板块
600986,山东板块
000756,山东板块
002237,山东板块
600807,山东板块
002470,山东板块
300391,山东板块
000423,山东板块
600180,山东板块
300237,山东板块
300183,山东板块
600448,山东板块
600319,山东板块
000639,山东板块
600586,山东板块
002217,山东板块
000655,山东板块
600027,山东板块
300321,山东板块
600966,山东板块
002580,山东板块
600960,山东板块
600784,山东板块
600385,山东板块
002117,山东板块
600690,山东板块
300121,山东板块
002379,山东板块
600587,山东板块
002254,山东板块
002234,山东板块
002671,山东板块
000869,山东板块
300001,山东板块
600756,山东板块
002086,山东板块
002458,山东板块
002598,山东板块
002675,山东板块
002476,山东板块
002521,山东板块
600777,山东板块
002408,山东板块
002359,山东板块
300308,山东板块
000677,山东板块
600076,山东板块
600882,山东板块
600858,山东板块
300243,山东板块
300110,山东板块
000407,山东板块
002376,山东板块
002374,山东板块
300233,山东板块
000830,山东板块
600060,山东板块
300285,山东板块
002241,山东板块
000977,山东板块
601678,山东板块
600735,山东板块
002655,山东板块
002026,山东板块
000822,山东板块
300099,山东板块
002330,山东板块
600600,山东板块
600212,山东板块
600529,山东板块
002353,山东板块
600760,山东板块
600308,山东板块
000726,山东板块
002595,山东板块
002481,山东板块
000488,山东板块
600223,山东板块
002088,山东板块
000506,山东板块
002485,山东板块
600336,山东板块
002355,山东板块
600188,山东板块
600467,山东板块
002078,山东板块
000915,山东板块
600789,山东板块
002581,山东板块
600426,山东板块
002083,山东板块
002193,山东板块
600229,山东板块
000957,山东板块
000951,山东板块
002382,山东板块
002604,山东板块
600898,山东板块
002041,山东板块
600309,山东板块
002469,山东板块
002643,山东板块
300214,山东板块
300423,山东板块
000338,山东板块
000811,山东板块
300105,山东板块
000680,山东板块
000720,山东板块
601058,山东板块
002111,山东板块
002726,山东板块
002588,山东板块
002490,山东板块
002283,山东板块
000416,山东板块
002270,山东板块
600219,山东板块
000554,山东板块
002545,山东板块
000498,山东板块
002242,山东板块
603167,山东板块
002746,山东板块
600727,山东板块
000617,山东板块
002589,山东板块
300224,山东板块
300208,山东板块
002094,山东板块
600579,山东板块
002640,山西板块
600408,山西板块
000767,山西板块
000825,山西板块
000673,山西板块
600780,山西板块
000968,山西板块
600157,山西板块
600234,山西板块
000403,山西板块
000755,山西板块
000737,山西板块
601006,山西板块
600392,山西板块
600809,山西板块
300158,山西板块
601699,山西板块
600740,山西板块
600546,山西板块
000983,山西板块
002500,山西板块
002360,山西板块
600495,山西板块
000795,山西板块
600169,山西板块
601001,山西板块
600281,山西板块
000723,山西板块
600123,山西板块
600348,山西板块
000831,山西板块
600539,山西板块
300254,山西板块
600707,陕西板块
601012,陕西板块
002673,陕西板块
300114,陕西板块
000837,陕西板块
601015,陕西板块
002149,陕西板块
300140,陕西板块
002267,陕西板块
300103,陕西板块
600893,陕西板块
600343,陕西板块
300023,陕西板块
000561,陕西板块
000516,陕西板块
600817,陕西板块
000796,陕西板块
300116,陕西板块
000721,陕西板块
000564,陕西板块
601225,陕西板块
600455,陕西板块
600456,陕西板块
600984,陕西板块
600217,陕西板块
300397,陕西板块
600706,陕西板块
000768,陕西板块
600248,陕西板块
002109,陕西板块
601369,陕西板块
601958,陕西板块
600080,陕西板块
300164,陕西板块
000563,陕西板块
601179,陕西板块
000610,陕西板块
600302,陕西板块
600831,陕西板块
000812,陕西板块
600379,陕西板块
000862,宁夏板块
000557,宁夏板块
000982,宁夏板块
000962,宁夏板块
600165,宁夏板块
600785,宁夏板块
600146,宁夏板块
600449,宁夏板块
000635,宁夏板块
002457,宁夏板块
000595,宁夏板块
600307,甘肃板块
600311,甘肃板块
600543,甘肃板块
600516,甘肃板块
600354,甘肃板块
000995,甘肃板块
002720,甘肃板块
002219,甘肃板块
600687,甘肃板块
000981,甘肃板块
600720,甘肃板块
300084,甘肃板块
300021,甘肃板块
603169,甘肃板块
000929,甘肃板块
601798,甘肃板块
000672,甘肃板块
600738,甘肃板块
000552,甘肃板块
000779,甘肃板块
002185,甘肃板块
002145,甘肃板块
600886,甘肃板块
600192,甘肃板块
600108,甘肃板块
000791,甘肃板块
002700,新疆板块
000972,新疆板块
600581,新疆板块
601069,新疆板块
600425,新疆板块
600888,新疆板块
600197,新疆板块
002100,新疆板块
000415,新疆板块
600337,新疆板块
600090,新疆板块
600075,新疆板块
600251,新疆板块
002719,新疆板块
002307,新疆板块
002092,新疆板块
600509,新疆板块
600359,新疆板块
600506,新疆板块
002202,新疆板块
600089,新疆板块
002207,新疆板块
600545,新疆板块
600778,新疆板块
000877,新疆板块
000159,新疆板块
600256,新疆板块
600540,新疆板块
300106,新疆板块
600419,新疆板块
600084,新疆板块
002302,新疆板块
002205,新疆板块
002524,新疆板块
600339,新疆板块
600721,新疆板块
300313,新疆板块
000813,新疆板块
600737,新疆板块
000166,新疆板块
600988,内蒙古板块
600010,内蒙古板块
300355,内蒙古板块
600291,内蒙古板块
600091,内蒙古板块
600191,内蒙古板块
000611,内蒙古板块
600863,内蒙古板块
000426,内蒙古板块
300049,内蒙古板块
601216,内蒙古板块
600967,内蒙古板块
000683,内蒙古板块
600201,内蒙古板块
600111,内蒙古板块
002688,内蒙古板块
600887,内蒙古板块
300239,内蒙古板块
002128,内蒙古板块
600262,内蒙古板块
600295,内蒙古板块
600328,内蒙古板块
000780,内蒙古板块
600749,西藏板块
600773,西藏板块
002653,西藏板块
000752,西藏板块
002287,西藏板块
600326,西藏板块
600873,西藏板块
600211,西藏板块
600338,西藏板块
300028,四川板块
002749,四川板块
300432,四川板块
000757,四川板块
002630,四川板块
002312,四川板块
600558,四川板块
600804,四川板块
002697,四川板块
300425,四川板块
000629,四川板块
600702,四川板块
002023,四川板块
002466,四川板块
000598,四川板块
600321,四川板块
000568,四川板块
000801,四川板块
002629,四川板块
600678,四川板块
002258,四川板块
600839,四川板块
600378,四川板块
002268,四川板块
300366,四川板块
300022,四川板块
000693,四川板块
601268,四川板块
002497,四川板块
300101,四川板块
000584,四川板块
000912,四川板块
000593,四川板块
300362,四川板块
000510,四川板块
600438,四川板块
600353,四川板块
000858,四川板块
600391,四川板块
300019,四川板块
000710,四川板块
002422,四川板块
600875,四川板块
600880,四川板块
000628,四川板块
002190,四川板块
600139,四川板块
002742,四川板块
600131,四川板块
002539,四川板块
600793,四川板块
600528,四川板块
600779,四川板块
600101,四川板块
002651,四川板块
002366,四川板块
600674,四川板块
002628,四川板块
000835,四川板块
002253,四川板块
300249,四川板块
601107,四川板块
600331,四川板块
600137,四川板块
002143,四川板块
002357,四川板块
600466,四川板块
300092,四川板块
600505,四川板块
000509,四川板块
603333,四川板块
000586,四川板块
300127,四川板块
002272,四川板块
000155,四川板块
601208,四川板块
002386,四川板块
000790,四川板块
600691,四川板块
000935,四川板块
603077,四川板块
002480,四川板块
002259,四川板块
600109,四川板块
600733,四川板块
000731,四川板块
600093,四川板块
600039,四川板块
002246,四川板块
600979,四川板块
600828,四川板块
000888,四川板块
600644,四川板块
000810,四川板块
000803,四川板块
000667,云南板块
000948,云南板块
000878,云南板块
000538,云南板块
002053,云南板块
002059,云南板块
600497,云南板块
300142,云南板块
002114,云南板块
600806,云南板块
600725,云南板块
600422,云南板块
600239,云南板块
002265,云南板块
600883,云南板块
000960,云南板块
002428,云南板块
000560,云南板块
601099,云南板块
002200,云南板块
002727,云南板块
000807,云南板块
600995,云南板块
002033,云南板块
600265,云南板块
600459,云南板块
000903,云南板块
600792,云南板块
600096,云南板块
600112,贵州板块
000851,贵州板块
002039,贵州板块
600765,贵州板块
600594,贵州板块
000589,贵州板块
000540,贵州板块
002390,贵州板块
002037,贵州板块
600519,贵州板块
600992,贵州板块
000920,贵州板块
600395,贵州板块
600523,贵州板块
002424,贵州板块
002025,贵州板块
600227,贵州板块
000733,贵州板块
600367,贵州板块
600145,贵州板块
002175,广西板块
601003,广西板块
000662,广西板块
600252,广西板块
002592,广西板块
600236,广西板块
600556,广西板块
300422,广西板块
002166,广西板块
000716,广西板块
603869,广西板块
000978,广西板块
000582,广西板块
002275,广西板块
600368,广西板块
000833,广西板块
600712,广西板块
000806,广西板块
600538,广西板块
603166,广西板块
600249,广西板块
000911,广西板块
603368,广西板块
002696,广西板块
000750,广西板块
000953,广西板块
000608,广西板块
000528,广西板块
601996,广西板块
600310,广西板块
002329,广西板块
600301,广西板块
000703,广西板块
000566,海南板块
002693,海南板块
000886,海南板块
300189,海南板块
601969,海南板块
002596,海南板块
000503,海南板块
600209,海南板块
600759,海南板块
600238,海南板块
000657,海南板块
300086,海南板块
000613,海南板块
600259,海南板块
000571,海南板块
000505,海南板块
000572,海南板块
002320,海南板块
601118,海南板块
000567,海南板块
600515,海南板块
000793,海南板块
000955,海南板块
000691,海南板块
000735,海南板块
600896,海南板块
000821,湖北板块
600005,湖北板块
600885,湖北板块
300278,湖北板块
600079,湖北板块
600993,湖北板块
600355,湖北板块
300276,湖北板块
600757,湖北板块
300054,湖北板块
600879,湖北板块
300161,湖北板块
000678,湖北板块
000939,湖北板块
600260,湖北板块
000708,湖北板块
002013,湖北板块
600498,湖北板块
600168,湖北板块
002414,湖北板块
600745,湖北板块
000971,湖北板块
600086,湖北板块
600035,湖北板块
002159,湖北板块
300018,湖北板块
000520,湖北板块
300184,湖北板块
000883,湖北板块
000826,湖北板块
600681,湖北板块
600293,湖北板块
600136,湖北板块
000760,湖北板块
000665,湖北板块
000852,湖北板块
600421,湖北板块
000707,湖北板块
000783,湖北板块
002627,湖北板块
600184,湖北板块
600298,湖北板块
600006,湖北板块
000422,湖北板块
000759,湖北板块
600345,湖北板块
300205,湖北板块
002194,湖北板块
000501,湖北板块
600566,湖北板块
300387,湖北板块
000615,湖北板块
300046,湖北板块
600743,湖北板块
601311,湖北板块
000926,湖北板块
000988,湖北板块
600133,湖北板块
002694,湖北板块
300395,湖北板块
000966,湖北板块
300323,湖北板块
600107,湖北板块
600976,湖北板块
002281,湖北板块
000553,湖北板块
600068,湖北板块
002305,湖北板块
002377,湖北板块
600774,湖北板块
300220,湖北板块
600703,湖北板块
600801,湖北板块
600769,湖北板块
600998,湖北板块
000670,湖北板块
600141,湖北板块
002365,湖北板块
000785,湖北板块
600568,湖北板块
600275,湖北板块
000627,湖北板块
300041,湖北板块
300413,湖南板块
300148,湖南板块
300338,湖南板块
600961,湖南板块
000908,湖南板块
000932,湖南板块
300358,湖南板块
002097,湖南板块
300015,湖南板块
002251,湖南板块
000799,湖南板块
000900,湖南板块
002650,湖南板块
000519,湖南板块
600969,湖南板块
600257,湖南板块
002505,湖南板块
000738,湖南板块
002155,湖南板块
601098,湖南板块
000819,湖南板块
600963,湖南板块
002523,湖南板块
600744,湖南板块
002412,湖南板块
002125,湖南板块
000702,湖南板块
002452,湖南板块
000548,湖南板块
000622,湖南板块
000419,湖南板块
002716,湖南板块
002113,湖南板块
000989,湖南板块
002525,湖南板块
002261,湖南板块
600390,湖南板块
600478,湖南板块
600599,湖南板块
300298,湖南板块
600975,湖南板块
000906,湖南板块
000918,湖南板块
002661,湖南板块
000917,湖南板块
002297,湖南板块
600416,湖南板块
600458,湖南板块
002096,湖南板块
002567,湖南板块
300123,湖南板块
300216,湖南板块
300345,湖南板块
603998,湖南板块
600127,湖南板块
000157,湖南板块
002549,湖南板块
300268,湖南板块
600479,湖南板块
000428,湖南板块
000590,湖南板块
300035,湖南板块
000998,湖南板块
300267,湖南板块
000748,湖南板块
002277,湖南板块
601901,湖南板块
601636,湖南板块
300187,湖南板块
000722,湖南板块
600156,湖南板块
000430,湖南板块
002533,湖南板块
600698,湖南板块
603939,湖南板块
002397,湖南板块
600731,湖南板块
600476,湖南板块
300066,江西板块
002748,江西板块
002460,江西板块
000650,江西板块
600507,江西板块
600782,江西板块
600362,江西板块
600269,江西板块
002157,江西板块
002695,江西板块
002068,江西板块
300095,江西板块
000899,江西板块
000990,江西板块
002176,江西板块
600461,江西板块
600053,江西板块
600228,江西板块
000404,江西板块
600363,江西板块
000789,江西板块
600373,江西板块
600750,江西板块
002378,江西板块
000550,江西板块
300294,江西板块
600316,江西板块
600071,江西板块
002591,江西板块
600397,江西板块
600561,江西板块
600590,江西板块
002245,江苏板块
002747,江苏板块
002435,江苏板块
603519,江苏板块
600775,江苏板块
601008,江苏板块
603158,江苏板块
002631,江苏板块
002380,江苏板块
002315,江苏板块
002496,江苏板块
300280,江苏板块
300382,江苏板块
300354,江苏板块
601199,江苏板块
601010,江苏板块
002734,江苏板块
002090,江苏板块
002074,江苏板块
600794,江苏板块
603188,江苏板块
300373,江苏板块
300279,江苏板块
002150,江苏板块
300295,江苏板块
002559,江苏板块
002685,江苏板块
002576,江苏板块
000919,江苏板块
300304,江苏板块
002516,江苏板块
300284,江苏板块
300209,江苏板块
300394,江苏板块
300217,江苏板块
600871,江苏板块
002564,江苏板块
300152,江苏板块
000525,江苏板块
002395,江苏板块
002546,江苏板块
000700,江苏板块
600282,江苏板块
002009,江苏板块
600487,江苏板块
300135,江苏板块
600682,江苏板块
002239,江苏板块
600064,江苏板块
002304,江苏板块
600713,江苏板块
600562,江苏板块
300385,江苏板块
002394,江苏板块
600105,江苏板块
002040,江苏板块
002077,江苏板块
002484,江苏板块
002499,江苏板块
002075,江苏板块
000961,江苏板块
601222,江苏板块
000890,江苏板块
603005,江苏板块
600220,江苏板块
000727,江苏板块
002080,江苏板块
601218,江苏板块
000551,江苏板块
300356,江苏板块
002081,江苏板块
600889,江苏板块
002104,江苏板块
300172,江苏板块
600770,江苏板块
300128,江苏板块
002438,江苏板块
601599,江苏板块
600527,江苏板块
300346,江苏板块
300190,江苏板块
300320,江苏板块
002692,江苏板块
600128,江苏板块
002079,江苏板块
300416,江苏板块
002530,江苏板块
600389,江苏板块
601028,江苏板块
000418,江苏板块
600200,江苏板块
300192,江苏板块
300141,江苏板块
002089,江苏板块
300060,江苏板块
600481,江苏板块
300201,江苏板块
002127,江苏板块
600401,江苏板块
002160,江苏板块
600475,江苏板块
300031,江苏板块
002513,江苏板块
002290,江苏板块
002255,江苏板块
002491,江苏板块
002411,江苏板块
002349,江苏板块
002464,江苏板块
002553,江苏板块
600522,江苏板块
002211,江苏板块
002722,江苏板块
002680,江苏板块
000518,江苏板块
002645,江苏板块
002659,江苏板块
300390,江苏板块
002044,江苏板块
300361,江苏板块
000626,江苏板块
600667,江苏板块
300339,江苏板块
002015,江苏板块
600250,江苏板块
000805,江苏板块
000816,江苏板块
002221,江苏板块
300013,江苏板块
002274,江苏板块
600584,江苏板块
601555,江苏板块
600377,江苏板块
300091,江苏板块
300393,江苏板块
002262,江苏板块
002002,江苏板块
600276,江苏板块
601700,江苏板块
002610,江苏板块
600533,江苏板块
000777,江苏板块
300240,江苏板块
300228,江苏板块
600710,江苏板块
600862,江苏板块
603018,江苏板块
300325,江苏板块
600398,江苏板块
603017,江苏板块
002293,江苏板块
600501,江苏板块
600557,江苏板块
300211,江苏板块
300305,江苏板块
600213,江苏板块
600305,江苏板块
000581,江苏板块
600122,江苏板块
002540,江苏板块
002463,江苏板块
601007,江苏板块
002514,江苏板块
603369,江苏板块
002333,江苏板块
300260,江苏板块
603111,江苏板块
300165,江苏板块
601313,江苏板块
600746,江苏板块
002453,江苏板块
002024,江苏板块
600513,江苏板块
601009,江苏板块
600406,江苏板块
603828,江苏板块
002091,江苏板块
300292,江苏板块
002483,江苏板块
603518,江苏板块
601388,江苏板块
603366,江苏板块
601928,江苏板块
600854,江苏板块
000570,江苏板块
000936,江苏板块
002172,江苏板块
603699,江苏板块
002635,江苏板块
601688,江苏板块
300337,江苏板块
002623,江苏板块
002445,江苏板块
002471,江苏板块
002156,江苏板块
002367,江苏板块
300402,江苏板块
000301,江苏板块
600973,江苏板块
300265,江苏板块
002547,江苏板块
002323,江苏板块
002426,江苏板块
002550,江苏板块
300169,江苏板块
002391,江苏板块
603988,江苏板块
600805,江苏板块
600400,江苏板块
600370,江苏板块
601100,江苏板块
002309,江苏板块
600099,江苏板块
002413,江苏板块
002585,江苏板块
603688,江苏板块
601890,江苏板块
600287,江苏板块
002504,江苏板块
002182,江苏板块
600358,江苏板块
000910,江苏板块
600981,江苏板块
002384,江苏板块
000681,江苏板块
600074,江苏板块
002519,江苏板块
002071,江苏板块
600078,江苏板块
300215,江苏板块
300342,江苏板块
600736,江苏板块
600970,江苏板块
601799,江苏板块
300258,江苏板块
600327,江苏板块
002652,江苏板块
300331,江苏板块
002165,江苏板块
000425,江苏板块
002223,江苏板块
002409,江苏板块
000421,江苏板块
300196,江苏板块
002455,江苏板块
600300,江苏板块
002478,江苏板块
300261,江苏板块
002531,江苏板块
600268,江苏板块
002708,江苏板块
600486,江苏板块
600716,江苏板块
600510,江苏板块
002201,江苏板块
300160,江苏板块
300420,江苏板块
002608,江苏板块
300421,江苏板块
600273,江苏板块
300029,江苏板块
600280,江苏板块
002326,浙江板块
300144,浙江板块
300033,浙江板块
002085,浙江板块
002632,浙江板块
002280,浙江板块
002103,浙江板块
603611,浙江板块
300426,浙江板块
601689,浙江板块
002115,浙江板块
300300,浙江板块
300283,浙江板块
002641,浙江板块
600415,浙江板块
600571,浙江板块
002515,浙江板块
300351,浙江板块
002095,浙江板块
300270,浙江板块
300349,浙江板块
002570,浙江板块
002404,浙江板块
601113,浙江板块
002206,浙江板块
603168,浙江板块
002444,浙江板块
002364,浙江板块
002375,浙江板块
300314,浙江板块
300113,浙江板块
002164,浙江板块
600865,浙江板块
002677,浙江板块
002699,浙江板块
600352,浙江板块
002067,浙江板块
600267,浙江板块
002344,浙江板块
600366,浙江板块
002522,浙江板块
601018,浙江板块
002263,浙江板块
600570,浙江板块
002284,浙江板块
000913,浙江板块
601177,浙江板块
002418,浙江板块
600776,浙江板块
002048,浙江板块
002199,浙江板块
002343,浙江板块
601579,浙江板块
000963,浙江板块
300307,浙江板块
600177,浙江板块
300411,浙江板块
300163,浙江板块
603456,浙江板块
002489,浙江板块
002440,浙江板块
002479,浙江板块
600521,浙江板块
601877,浙江板块
002332,浙江板块
002133,浙江板块
300076,浙江板块
002247,浙江板块
002011,浙江板块
600884,浙江板块
002120,浙江板块
600798,浙江板块
600330,浙江板块
002236,浙江板块
002434,浙江板块
300069,浙江板块
300020,浙江板块
600704,浙江板块
600283,浙江板块
002099,浙江板块
600114,浙江板块
000517,浙江板块
600572,浙江板块
603015,浙江板块
300250,浙江板块
600763,浙江板块
600226,浙江板块
002563,浙江板块
601567,浙江板块
300181,浙江板块
002122,浙江板块
600232,浙江板块
603338,浙江板块
000411,浙江板块
002625,浙江板块
002131,浙江板块
002712,浙江板块
002637,浙江板块
603010,浙江板块
002119,浙江板块
002602,浙江板块
600576,浙江板块
002617,浙江板块
002624,浙江板块
300025,浙江板块
000967,浙江板块
300118,浙江板块
002569,浙江板块
300078,浙江板块
002257,浙江板块
000607,浙江板块
002173,浙江板块
002036,浙江板块
002188,浙江板块
600477,浙江板块
002010,浙江板块
300435,浙江板块
002034,浙江板块
300412,浙江板块
600126,浙江板块
600797,浙江板块
300316,浙江板块
002196,浙江板块
002021,浙江板块
002006,浙江板块
600677,浙江板块
300329,浙江板块
002508,浙江板块
600683,浙江板块
600023,浙江板块
002370,浙江板块
603618,浙江板块
300357,浙江板块
002473,浙江板块
600724,浙江板块
002124,浙江板块
002144,浙江板块
600633,浙江板块
600235,浙江板块
600671,浙江板块
002050,浙江板块
002322,浙江板块
002032,浙江板块
600512,浙江板块
002403,浙江板块
002064,浙江板块
300234,浙江板块
002590,浙江板块
002142,浙江板块
300203,浙江板块
000558,浙江板块
002430,浙江板块
601339,浙江板块
603558,浙江板块
600387,浙江板块
002381,浙江板块
002718,浙江板块
000909,浙江板块
300133,浙江板块
002154,浙江板块
600768,浙江板块
300145,浙江板块
600491,浙江板块
600160,浙江板块
300257,浙江板块
002250,浙江板块
601116,浙江板块
300306,浙江板块
002468,浙江板块
002318,浙江板块
002647,浙江板块
603799,浙江板块
600070,浙江板块
603008,浙江板块
300111,浙江板块
603600,浙江板块
600290,浙江板块
603889,浙江板块
300360,浙江板块
000739,浙江板块
600216,浙江板块
300027,浙江板块
600537,浙江板块
600175,浙江板块
002062,浙江板块
002725,浙江板块
600460,浙江板块
002615,浙江板块
600987,浙江板块
600261,浙江板块
002056,浙江板块
002203,浙江板块
002082,浙江板块
600982,浙江板块
000925,浙江板块
002427,浙江板块
603606,浙江板块
002126,浙江板块
603806,浙江板块
600814,浙江板块
002224,浙江板块
002003,浙江板块
002415,浙江板块
603788,浙江板块
300266,浙江板块
002372,浙江板块
002266,浙江板块
600120,浙江板块
600796,浙江板块
002061,浙江板块
600790,浙江板块
002001,浙江板块
002276,浙江板块
002273,浙江板块
002520,浙江板块
300100,浙江板块
002574,浙江板块
600526,浙江板块
300068,浙江板块
002619,浙江板块
002586,浙江板块
002472,浙江板块
600580,浙江板块
002020,浙江板块
002562,浙江板块
002488,浙江板块
603997,浙江板块
002687,浙江板块
002634,浙江板块
600208,浙江板块
000705,浙江板块
300401,浙江板块
002532,浙江板块
600052,浙江板块
002552,浙江板块
601789,浙江板块
002112,浙江板块
600059,浙江板块
600152,浙江板块
002012,浙江板块
002730,浙江板块
600130,浙江板块
300032,浙江板块
601137,浙江板块
002703,浙江板块
002648,浙江板块
601002,浙江板块
002686,浙江板块
600596,浙江板块
603222,浙江板块
600668,浙江板块
600113,浙江板块
601233,浙江板块
600173,浙江板块
300347,浙江板块
002043,浙江板块
002214,浙江板块
002135,浙江板块
600077,浙江板块
600830,浙江板块
002534,浙江板块
603001,浙江板块
002244,浙江板块
002019,浙江板块
002633,浙江板块
603088,浙江板块
002389,浙江板块
002443,浙江板块
600857,浙江板块
300244,浙江板块
000156,浙江板块
002493,浙江板块
600051,浙江板块
002664,浙江板块
300256,浙江板块
600808,安徽板块
300388,安徽板块
600063,安徽板块
002042,安徽板块
000868,安徽板块
002230,安徽板块
600567,安徽板块
600577,安徽板块
002556,安徽板块
600255,安徽板块
300009,安徽板块
000409,安徽板块
002018,安徽板块
000728,安徽板块
002140,安徽板块
002352,安徽板块
600318,安徽板块
002147,安徽板块
300247,安徽板块
000596,安徽板块
600990,安徽板块
002557,安徽板块
601801,安徽板块
600418,安徽板块
300088,安徽板块
600575,安徽板块
300218,安徽板块
300090,安徽板块
000887,安徽板块
002555,安徽板块
600552,安徽板块
002361,安徽板块
002607,安徽板块
000630,安徽板块
002298,安徽板块
002331,安徽板块
603199,安徽板块
002057,安徽板块
002171,安徽板块
002347,安徽板块
300274,安徽板块
002541,安徽板块
600551,安徽板块
600012,安徽板块
600237,安徽板块
002597,安徽板块
300087,安徽板块
600054,安徽板块
600218,安徽板块
000979,安徽板块
002538,安徽板块
000417,安徽板块
600761,安徽板块
600985,安徽板块
600496,安徽板块
600199,安徽板块
600983,安徽板块
000521,安徽板块
600502,安徽板块
002014,安徽板块
000980,安徽板块
000543,安徽板块
603308,安徽板块
000153,安徽板块
601918,安徽板块
002571,安徽板块
000850,安徽板块
603011,安徽板块
000930,安徽板块
000859,安徽板块
000713,安徽板块
600470,安徽板块
600444,安徽板块
600971,安徽板块
600585,安徽板块
600520,安徽板块
600375,安徽板块
002136,安徽板块
002208,安徽板块
000619,安徽板块
002690,安徽板块
002743,安徽板块
000671,福建板块
601899,福建板块
600711,福建板块
300299,福建板块
002102,福建板块
300051,福建板块
002335,福建板块
300341,福建板块
002235,福建板块
000701,福建板块
002029,福建板块
002474,福建板块
600734,福建板块
300056,福建板块
002229,福建板块
002098,福建板块
002222,福建板块
002679,福建板块
002702,福建板块
600436,福建板块
600033,福建板块
300188,福建板块
600660,福建板块
002110,福建板块
300096,福建板块
603555,福建板块
002674,福建板块
600563,福建板块
000993,福建板块
000536,福建板块
600573,福建板块
002639,福建板块
002614,福建板块
600103,福建板块
000997,福建板块
000753,福建板块
002578,福建板块
000526,福建板块
002264,福建板块
002509,福建板块
002417,福建板块
002174,福建板块
000663,福建板块
002529,福建板块
002517,福建板块
600483,福建板块
600057,福建板块
300174,福建板块
600163,福建板块
600870,福建板块
603678,福建板块
000547,福建板块
600549,福建板块
002300,福建板块
600603,福建板块
002626,福建板块
300132,福建板块
300427,福建板块
002682,福建板块
000592,福建板块
000905,福建板块
002396,福建板块
600388,福建板块
600686,福建板块
600802,福建板块
600592,福建板块
002299,福建板块
600897,福建板块
601166,福建板块
600815,福建板块
002398,福建板块
603636,福建板块
002093,福建板块
601566,福建板块
600755,福建板块
002593,福建板块
002070,福建板块
300102,福建板块
600203,福建板块
601933,福建板块
601377,福建板块
000632,福建板块
603686,福建板块
600153,福建板块
000732,福建板块
300062,福建板块
600693,福建板块
600493,福建板块
002228,福建板块
300198,福建板块
000797,福建板块
002729,福建板块
000606,青海板块
600381,青海板块
600714,青海板块
601168,青海板块
000792,青海板块
600771,青海板块
600243,青海板块
600869,青海板块
002646,青海板块
