代码,概念
600292,空气净化
300056,空气净化
300090,空气净化
300156,空气净化
300105,空气净化
600388,空气净化
002469,空气净化
300203,空气净化
300152,空气净化
600526,空气净化
000925,空气净化
300137,空气净化
002499,空气净化
300187,空气净化
002108,京津冀
000401,京津冀
000600,京津冀
600488,京津冀
601992,京津冀
000652,京津冀
600329,京津冀
601633,京津冀
300070,京津冀
600787,京津冀
002146,京津冀
600335,京津冀
600240,京津冀
600340,京津冀
002665,京津冀
600717,京津冀
300371,京津冀
600155,京津冀
000709,京津冀
600482,京津冀
000959,京津冀
600246,京津冀
000836,京津冀
002442,京津冀
000916,京津冀
000695,京津冀
002342,京津冀
000965,京津冀
600997,京津冀
600550,京津冀
000937,京津冀
600722,京津冀
600082,京津冀
600322,京津冀
300344,京津冀
000897,京津冀
002282,京津冀
600162,京津冀
600658,京津冀
000927,京津冀
002691,京津冀
300212,京津冀
600266,京津冀
002542,京津冀
600159,京津冀
600965,京津冀
601000,京津冀
601258,京津冀
000856,京津冀
300034,京津冀
000537,京津冀
600230,京津冀
000616,京津冀
600405,京津冀
000158,京津冀
600225,京津冀
000638,京津冀
600149,京津冀
600135,京津冀
000408,京津冀
000802,京津冀
600480,京津冀
000923,京津冀
600158,京津冀
000687,京津冀
300144,重组概念
300350,重组概念
600780,重组概念
300369,重组概念
601669,重组概念
002153,重组概念
002273,重组概念
002004,重组概念
000557,重组概念
300292,重组概念
600580,重组概念
002466,重组概念
601886,重组概念
600572,重组概念
300012,重组概念
002252,重组概念
600284,重组概念
600062,重组概念
002317,重组概念
600335,重组概念
002195,重组概念
300194,重组概念
601901,重组概念
600240,重组概念
300055,重组概念
300088,重组概念
002356,重组概念
600587,重组概念
300332,重组概念
000908,重组概念
600571,重组概念
300291,重组概念
002624,重组概念
600565,重组概念
002289,重组概念
600634,重组概念
002528,重组概念
300184,重组概念
600614,重组概念
002647,重组概念
300209,重组概念
300028,重组概念
300071,重组概念
002238,重组概念
002239,重组概念
300230,重组概念
002596,重组概念
002600,重组概念
600645,重组概念
600318,重组概念
002399,重组概念
002425,重组概念
600365,重组概念
002390,重组概念
002413,重组概念
300131,重组概念
002421,重组概念
002400,重组概念
002368,重组概念
002343,重组概念
300093,重组概念
600610,重组概念
300148,重组概念
300099,重组概念
600393,重组概念
600575,重组概念
002514,重组概念
000795,重组概念
300301,重组概念
300317,重组概念
300324,重组概念
300319,重组概念
600856,重组概念
000893,重组概念
600258,重组概念
000851,重组概念
300299,重组概念
300296,重组概念
300353,重组概念
300010,重组概念
600139,重组概念
600074,重组概念
000024,重组概念
600466,重组概念
600155,重组概念
600988,重组概念
000633,重组概念
300027,重组概念
000587,重组概念
601005,重组概念
300008,重组概念
300250,重组概念
600666,重组概念
002602,重组概念
300266,重组概念
002151,重组概念
300242,重组概念
300056,重组概念
002217,重组概念
300052,重组概念
002174,重组概念
600652,重组概念
300269,重组概念
600719,重组概念
002044,重组概念
600745,重组概念
000959,重组概念
300287,重组概念
300280,重组概念
002102,重组概念
600525,重组概念
300278,重组概念
002072,重组概念
300279,重组概念
300090,重组概念
300236,重组概念
600090,重组概念
300059,重组概念
300256,重组概念
000546,重组概念
000544,重组概念
600517,重组概念
000935,重组概念
300199,重组概念
002675,重组概念
600651,重组概念
002722,重组概念
002180,重组概念
600705,重组概念
600406,重组概念
300355,重组概念
603123,重组概念
300063,重组概念
002172,重组概念
000514,重组概念
600203,重组概念
600708,重组概念
002568,重组概念
600458,重组概念
000663,重组概念
002160,重组概念
300009,重组概念
600418,重组概念
600483,重组概念
600606,重组概念
601519,重组概念
600323,重组概念
000723,重组概念
002324,重组概念
600236,重组概念
600051,重组概念
300156,重组概念
002523,重组概念
600222,重组概念
000615,重组概念
300081,重组概念
600096,重组概念
002411,重组概念
300133,重组概念
000788,重组概念
600623,重组概念
002684,重组概念
002099,重组概念
300100,重组概念
002366,重组概念
600704,重组概念
300247,重组概念
300367,重组概念
000796,重组概念
000862,重组概念
300013,重组概念
600814,重组概念
300086,重组概念
300182,重组概念
002279,重组概念
002708,重组概念
300037,重组概念
600758,重组概念
600163,重组概念
600217,重组概念
002019,重组概念
600893,重组概念
600444,重组概念
600247,重组概念
600984,重组概念
002633,重组概念
600850,重组概念
300224,重组概念
002337,重组概念
600297,重组概念
002542,重组概念
002323,重组概念
002354,重组概念
000564,重组概念
002074,重组概念
002679,重组概念
601599,重组概念
300359,重组概念
300165,重组概念
002200,重组概念
600965,重组概念
300339,重组概念
300118,重组概念
002322,重组概念
600396,重组概念
600206,重组概念
002564,重组概念
300073,重组概念
000798,重组概念
600785,重组概念
600584,重组概念
000547,重组概念
300315,重组概念
600547,重组概念
600299,重组概念
600701,重组概念
300326,重组概念
300370,重组概念
002123,重组概念
000960,重组概念
002270,重组概念
000035,重组概念
300075,重组概念
300248,重组概念
600582,重组概念
000018,重组概念
600273,重组概念
002178,重组概念
300379,重组概念
300341,重组概念
600579,重组概念
300356,重组概念
600848,重组概念
002509,重组概念
300358,重组概念
600629,重组概念
600871,重组概念
300136,重组概念
300282,重组概念
300023,重组概念
600661,重组概念
300143,重组概念
600260,重组概念
600679,重组概念
000591,重组概念
600061,重组概念
000536,重组概念
600981,重组概念
002617,重组概念
600784,重组概念
600419,重组概念
600513,重组概念
600604,重组概念
600126,重组概念
000925,重组概念
002157,重组概念
002657,重组概念
002707,重组概念
600986,重组概念
000158,重组概念
000967,重组概念
300318,重组概念
002446,重组概念
000835,重组概念
002171,重组概念
300347,重组概念
002374,重组概念
600862,重组概念
002261,重组概念
600229,重组概念
300351,重组概念
600678,重组概念
300249,重组概念
002517,重组概念
000408,重组概念
600685,重组概念
600714,重组概念
000833,重组概念
300288,重组概念
300168,重组概念
000628,重组概念
002581,重组概念
002728,重组概念
002504,重组概念
002314,重组概念
000837,重组概念
000889,重组概念
000971,重组概念
600891,重组概念
300311,重组概念
002292,重组概念
600250,重组概念
300114,重组概念
300159,重组概念
300053,重组概念
300109,重组概念
300297,重组概念
300085,重组概念
300018,重组概念
000555,重组概念
600552,重组概念
600198,重组概念
000032,重组概念
000710,重组概念
600136,重组概念
000920,重组概念
002175,重组概念
002329,重组概念
002071,重组概念
600807,重组概念
600576,重组概念
002520,重组概念
603008,重组概念
002103,重组概念
300014,重组概念
000721,重组概念
300229,重组概念
600381,重组概念
300032,重组概念
600275,重组概念
002131,重组概念
002298,重组概念
000687,重组概念
300051,重组概念
600795,振兴沈阳
600718,振兴沈阳
000881,振兴沈阳
000820,振兴沈阳
600346,振兴沈阳
600593,振兴沈阳
600719,振兴沈阳
000511,振兴沈阳
000818,振兴沈阳
600190,振兴沈阳
000597,振兴沈阳
002220,振兴沈阳
002231,振兴沈阳
600303,振兴沈阳
000530,振兴沈阳
600233,振兴沈阳
600715,振兴沈阳
000059,振兴沈阳
600297,振兴沈阳
600396,振兴沈阳
600317,振兴沈阳
000410,振兴沈阳
000558,振兴沈阳
600747,振兴沈阳
600011,整体上市
000046,整体上市
600018,整体上市
000951,整体上市
600009,整体上市
600019,整体上市
600507,整体上市
600010,整体上市
600115,整体上市
600027,整体上市
600004,整体上市
600104,整体上市
600787,整体上市
600611,整体上市
600362,整体上市
600895,整体上市
600795,整体上市
600718,整体上市
600662,整体上市
600068,整体上市
600875,整体上市
000069,整体上市
000758,整体上市
600717,整体上市
600719,整体上市
600900,整体上市
600811,整体上市
600879,整体上市
600139,整体上市
600393,整体上市
600990,整体上市
600478,整体上市
600428,整体上市
000520,整体上市
000878,整体上市
002368,整体上市
002415,整体上市
000333,整体上市
000761,整体上市
000089,整体上市
000789,整体上市
600676,整体上市
600038,整体上市
000723,整体上市
000031,整体上市
600500,整体上市
000912,整体上市
600850,整体上市
600508,整体上市
000629,整体上市
000798,整体上市
000157,整体上市
002046,整体上市
000777,整体上市
600031,整体上市
000027,整体上市
600782,整体上市
002171,整体上市
000800,整体上市
600770,整体上市
000837,整体上市
000930,整体上市
600980,整体上市
600118,整体上市
600855,整体上市
002268,整体上市
000768,整体上市
600523,整体上市
000825,整体上市
600170,装饰园林
002375,装饰园林
002081,装饰园林
002482,装饰园林
002310,装饰园林
300197,装饰园林
002431,装饰园林
002247,装饰园林
000786,装饰园林
002325,装饰园林
000656,装饰园林
300355,装饰园林
300117,装饰园林
002717,装饰园林
000055,装饰园林
002200,装饰园林
000010,装饰园林
000509,装饰园林
600681,装饰园林
002163,装饰园林
000898,准ST股
002047,准ST股
601919,准ST股
000893,准ST股
002265,准ST股
601866,准ST股
002112,准ST股
002259,准ST股
000520,准ST股
000519,准ST股
000836,准ST股
000717,准ST股
002162,准ST股
002172,准ST股
000663,准ST股
000597,准ST股
002362,准ST股
002039,准ST股
000897,准ST股
000976,准ST股
000510,准ST股
000606,准ST股
002149,准ST股
300073,准ST股
000627,准ST股
002211,准ST股
000617,准ST股
002073,智能交通
002373,智能交通
002236,智能交通
600718,智能交通
002415,智能交通
002401,智能交通
300287,智能交通
300209,智能交通
002316,智能交通
600289,智能交通
300024,智能交通
300098,智能交通
600100,智能交通
601989,智能交通
300212,智能交通
300270,智能交通
603636,智能交通
002232,智能交通
300020,智能交通
600845,智能交通
002609,智能交通
002331,智能交通
600476,智能交通
002253,智能交通
002296,智能交通
300168,智能交通
300007,智能交通
002405,智能交通
000058,智能交通
601369,智能机器
002073,智能机器
002698,智能机器
600835,智能机器
300076,智能机器
002577,智能机器
002527,智能机器
300131,智能机器
300222,智能机器
300278,智能机器
300161,智能机器
300280,智能机器
002097,智能机器
002147,智能机器
002009,智能机器
300024,智能机器
300111,智能机器
300154,智能机器
002122,智能机器
300307,智能机器
000938,智能机器
002209,智能机器
000913,智能机器
600701,智能机器
002270,智能机器
600560,智能机器
600330,智能机器
300201,智能机器
002559,智能机器
300023,智能机器
002380,智能机器
300097,智能机器
600775,智能机器
300044,智能机器
002031,智能机器
000410,智能机器
000837,智能机器
300293,智能机器
300328,智能机器
300276,智能机器
002520,智能机器
300195,智能机器
300131,智能家居
300028,智能家居
300312,智能家居
002468,智能家居
300279,智能家居
002121,智能家居
000521,智能家居
300183,智能家居
300247,智能家居
300342,智能家居
300155,智能家居
002139,智能家居
601567,智能家居
002084,智能家居
002402,智能家居
002028,智能电网
002090,智能电网
002121,智能电网
002112,智能电网
600312,智能电网
600590,智能电网
000400,智能电网
600112,智能电网
002180,智能电网
300365,智能电网
600406,智能电网
000507,智能电网
000551,智能电网
000682,智能电网
600850,智能电网
002074,智能电网
600885,智能电网
600192,智能电网
002123,智能电网
600560,智能电网
002178,智能电网
600973,智能电网
300356,智能电网
000585,智能电网
002058,智能电网
600986,智能电网
002339,智能电网
300044,智能电网
600268,智能电网
300001,智能电网
002169,智能电网
002184,智能电网
300018,智能电网
300014,智能电网
002512,智能穿戴
002273,智能穿戴
002681,智能穿戴
300327,智能穿戴
002241,智能穿戴
000063,智能穿戴
002655,智能穿戴
300236,智能穿戴
002230,智能穿戴
600203,智能穿戴
002362,智能穿戴
600345,智能穿戴
002579,智能穿戴
300223,智能穿戴
300061,智能穿戴
600584,智能穿戴
002618,智能穿戴
002055,智能穿戴
002288,智能穿戴
002432,智能穿戴
000739,自贸区
600735,自贸区
600017,自贸区
002537,自贸区
002545,自贸区
002094,自贸区
600798,自贸区
300110,自贸区
000881,自贸区
000679,自贸区
603167,自贸区
002621,自贸区
300183,自贸区
600190,自贸区
600350,自贸区
600241,自贸区
000599,自贸区
601000,自贸区
601008,自贸区
002498,自贸区
600229,自贸区
300001,自贸区
300208,自贸区
000416,自贸区
600385,摘帽概念
600610,摘帽概念
002127,摘帽概念
002248,摘帽概念
600306,摘帽概念
002217,摘帽概念
600860,摘帽概念
600075,摘帽概念
600689,摘帽概念
002160,摘帽概念
000504,摘帽概念
600550,摘帽概念
002006,摘帽概念
000928,摘帽概念
000822,摘帽概念
000779,摘帽概念
601558,摘帽概念
002134,摘帽概念
000751,摘帽概念
600282,摘帽概念
600178,摘帽概念
600299,摘帽概念
002459,摘帽概念
600228,摘帽概念
002234,摘帽概念
600871,摘帽概念
000509,摘帽概念
600598,摘帽概念
002164,摘帽概念
600381,摘帽概念
002163,摘帽概念
300193,机器人概念
300327,机器人概念
002073,机器人概念
300124,机器人概念
002698,机器人概念
600835,机器人概念
300161,机器人概念
002436,机器人概念
002527,机器人概念
002248,机器人概念
300112,机器人概念
300222,机器人概念
300076,机器人概念
002147,机器人概念
600243,机器人概念
600806,机器人概念
002009,机器人概念
300024,机器人概念
300111,机器人概念
300154,机器人概念
002334,机器人概念
002158,机器人概念
300307,机器人概念
000938,机器人概念
000913,机器人概念
600701,机器人概念
002270,机器人概念
600560,机器人概念
300201,机器人概念
002559,机器人概念
300023,机器人概念
300097,机器人概念
002380,机器人概念
600775,机器人概念
600862,机器人概念
002031,机器人概念
000410,机器人概念
300276,机器人概念
000837,机器人概念
300293,机器人概念
300220,机器人概念
002520,机器人概念
300195,机器人概念
600592,机器人概念
000883,页岩气
600509,页岩气
600106,页岩气
600172,页岩气
002353,页岩气
300164,页岩气
300157,页岩气
300191,页岩气
002535,页岩气
300309,页岩气
600378,页岩气
000540,页岩气
600739,页岩气
002278,页岩气
002221,页岩气
000656,页岩气
600256,页岩气
601798,页岩气
600387,页岩气
601899,页岩气
002680,页岩气
000968,页岩气
600987,页岩气
600247,页岩气
002554,页岩气
000777,页岩气
002490,页岩气
300084,页岩气
600157,页岩气
002021,页岩气
300228,页岩气
002476,页岩气
000722,页岩气
600744,页岩气
000852,页岩气
000875,页岩气
600351,婴童概念
600750,婴童概念
600976,婴童概念
002014,婴童概念
600735,婴童概念
600763,婴童概念
300142,婴童概念
002699,婴童概念
002571,婴童概念
002502,婴童概念
002511,婴童概念
002575,婴童概念
002348,婴童概念
600429,婴童概念
600527,婴童概念
600069,婴童概念
300086,婴童概念
002570,婴童概念
300106,婴童概念
300314,婴童概念
600419,婴童概念
300318,婴童概念
002292,婴童概念
600688,油气改革
002353,油气改革
002443,油气改革
002210,油气改革
002207,油气改革
300191,油气改革
300135,油气改革
002629,油气改革
603003,油气改革
600256,油气改革
600583,油气改革
600387,油气改革
000159,油气改革
000822,油气改革
000637,油气改革
600500,油气改革
000059,油气改革
002493,油气改革
000703,油气改革
600175,油气改革
000096,油气改革
601028,油气改革
600822,油气改革
000407,油气改革
600871,油气改革
000554,油气改革
600339,油气改革
601991,央企50
601939,央企50
601988,央企50
601808,央企50
601390,央企50
601328,央企50
601628,央企50
601601,央企50
601766,央企50
601919,央企50
601618,央企50
601866,央企50
601788,央企50
601998,央企50
601989,央企50
601857,央企50
601600,央企50
601898,央企50
600267,养老概念
002285,养老概念
600329,养老概念
300244,养老概念
600748,养老概念
600718,养老概念
600735,养老概念
600689,养老概念
600620,养老概念
600332,养老概念
300096,养老概念
600238,养老概念
600745,养老概念
600239,养老概念
300247,养老概念
002231,养老概念
002381,养老概念
600716,养老概念
000722,养老概念
601007,养老概念
002663,业绩预升
000719,业绩预升
002355,业绩预升
000156,业绩预升
000921,业绩预升
000046,业绩预升
002034,业绩预升
601991,业绩预升
600801,业绩预升
002064,业绩预升
000552,业绩预升
002595,业绩预升
000951,业绩预升
002056,业绩预升
002254,业绩预升
000488,业绩预升
000600,业绩预升
600389,业绩预升
002444,业绩预升
600655,业绩预升
600460,业绩预升
002048,业绩预升
002271,业绩预升
002049,业绩预升
000690,业绩预升
000612,业绩预升
601012,业绩预升
000620,业绩预升
600580,业绩预升
002573,业绩预升
002041,业绩预升
002375,业绩预升
002285,业绩预升
002294,业绩预升
300017,业绩预升
000895,业绩预升
600572,业绩预升
600027,业绩预升
002344,业绩预升
000572,业绩预升
600380,业绩预升
601633,业绩预升
000883,业绩预升
600422,业绩预升
000702,业绩预升
002701,业绩预升
000975,业绩预升
600894,业绩预升
002236,业绩预升
002241,业绩预升
600409,业绩预升
000625,业绩预升
600481,业绩预升
002020,业绩预升
002440,业绩预升
000681,业绩预升
600783,业绩预升
300124,业绩预升
601628,业绩预升
000661,业绩预升
600795,业绩预升
002428,业绩预升
002482,业绩预升
601058,业绩预升
600292,业绩预升
600240,业绩预升
600642,业绩预升
300055,业绩预升
002233,业绩预升
300088,业绩预升
300332,业绩预升
000100,业绩预升
002028,业绩预升
000069,业绩预升
002202,业绩预升
002433,业绩预升
601933,业绩预升
600101,业绩预升
000545,业绩预升
000540,业绩预升
002256,业绩预升
002259,业绩预升
002224,业绩预升
002219,业绩预升
600238,业绩预升
002228,业绩预升
002207,业绩预升
002239,业绩预升
000553,业绩预升
600193,业绩预升
300263,业绩预升
002303,业绩预升
300056,业绩预升
002452,业绩预升
002421,业绩预升
300071,业绩预升
300052,业绩预升
000403,业绩预升
002683,业绩预升
300027,业绩预升
300011,业绩预升
002410,业绩预升
002325,业绩预升
300317,业绩预升
600053,业绩预升
002313,业绩预升
002608,业绩预升
300262,业绩预升
002400,业绩预升
002348,业绩预升
002353,业绩预升
600778,业绩预升
002018,业绩预升
000672,业绩预升
002002,业绩预升
600687,业绩预升
000626,业绩预升
002052,业绩预升
600643,业绩预升
600633,业绩预升
600988,业绩预升
000851,业绩预升
002571,业绩预升
000016,业绩预升
600967,业绩预升
600886,业绩预升
600804,业绩预升
000893,业绩预升
000024,业绩预升
002076,业绩预升
002097,业绩预升
002156,业绩预升
600280,业绩预升
002203,业绩预升
002057,业绩预升
000150,业绩预升
600352,业绩预升
000400,业绩预升
000543,业绩预升
000538,业绩预升
600720,业绩预升
600790,业绩预升
000413,业绩预升
600114,业绩预升
000836,业绩预升
002230,业绩预升
600674,业绩预升
600867,业绩预升
600583,业绩预升
600005,业绩预升
002009,业绩预升
000411,业绩预升
002483,业绩预升
002198,业绩预升
600067,业绩预升
600100,业绩预升
000757,业绩预升
002244,业绩预升
600257,业绩预升
002083,业绩预升
002456,业绩预升
002450,业绩预升
000809,业绩预升
300233,业绩预升
000789,业绩预升
600708,业绩预升
300225,业绩预升
000718,业绩预升
600486,业绩预升
600418,业绩预升
600567,业绩预升
002700,业绩预升
000008,业绩预升
002126,业绩预升
600375,业绩预升
600285,业绩预升
002258,业绩预升
002467,业绩预升
600438,业绩预升
000899,业绩预升
601339,业绩预升
300121,业绩预升
000607,业绩预升
300239,业绩预升
002523,业绩预升
000573,业绩预升
600222,业绩预升
002042,业绩预升
300035,业绩预升
300286,业绩预升
000062,业绩预升
000716,业绩预升
002628,业绩预升
600596,业绩预升
002305,业绩预升
000048,业绩预升
600738,业绩预升
000031,业绩预升
000533,业绩预升
002398,业绩预升
000404,业绩预升
002501,业绩预升
000637,业绩预升
000589,业绩预升
002182,业绩预升
601789,业绩预升
300086,业绩预升
000055,业绩预升
600658,业绩预升
002381,业绩预升
000732,业绩预升
002054,业绩预升
000611,业绩预升
000903,业绩预升
600699,业绩预升
002337,业绩预升
002496,业绩预升
000301,业绩预升
002284,业绩预升
002469,业绩预升
000700,业绩预升
300061,业绩预升
300303,业绩预升
002016,业绩预升
300067,业绩预升
300177,业绩预升
002554,业绩预升
000701,业绩预升
600021,业绩预升
300026,业绩预升
002487,业绩预升
000980,业绩预升
300118,业绩预升
002322,业绩预升
600223,业绩预升
000050,业绩预升
600094,业绩预升
600192,业绩预升
002570,业绩预升
300315,业绩预升
300005,业绩预升
600578,业绩预升
000989,业绩预升
002035,业绩预升
000428,业绩预升
600161,业绩预升
000011,业绩预升
300020,业绩预升
002614,业绩预升
002178,业绩预升
600360,业绩预升
002451,业绩预升
002205,业绩预升
002594,业绩预升
002059,业绩预升
002583,业绩预升
002509,业绩预升
300253,业绩预升
000639,业绩预升
002023,业绩预升
002331,业绩预升
300084,业绩预升
002617,业绩预升
600526,业绩预升
002649,业绩预升
300251,业绩预升
300097,业绩预升
000957,业绩预升
300205,业绩预升
002098,业绩预升
300083,业绩预升
002021,业绩预升
300228,业绩预升
002276,业绩预升
300069,业绩预升
300347,业绩预升
600151,业绩预升
300103,业绩预升
002547,业绩预升
600287,业绩预升
000752,业绩预升
002296,业绩预升
000506,业绩预升
002549,业绩预升
600714,业绩预升
002031,业绩预升
002615,业绩预升
000733,业绩预升
000517,业绩预升
600765,业绩预升
600088,业绩预升
000070,业绩预升
002169,业绩预升
000793,业绩预升
002565,业绩预升
000790,业绩预升
600839,业绩预升
002471,业绩预升
002227,业绩预升
300140,业绩预升
600081,业绩预升
000151,业绩预升
300080,业绩预升
300229,业绩预升
300014,业绩预升
002363,业绩预升
002129,业绩预升
000532,业绩预升
002387,业绩预降
002113,业绩预降
600019,业绩预降
300292,业绩预降
002128,业绩预降
002466,业绩预降
000631,业绩预降
600510,业绩预降
002024,业绩预降
002194,业绩预降
002562,业绩预降
000823,业绩预降
600362,业绩预降
002195,业绩预降
300194,业绩预降
000970,业绩预降
601011,业绩预降
002155,业绩预降
000758,业绩预降
002079,业绩预降
002075,业绩预降
002147,业绩预降
002418,业绩预降
002301,业绩预降
002106,业绩预降
002109,业绩预降
002272,业绩预降
002092,业绩预降
300169,业绩预降
300280,业绩预降
300148,业绩预降
300161,业绩预降
300316,业绩预降
600682,业绩预降
600689,业绩预降
300324,业绩预降
600166,业绩预降
300096,业绩预降
002481,业绩预降
002514,业绩预降
002468,业绩预降
002473,业绩预降
603077,业绩预降
300008,业绩预降
300028,业绩预降
002558,业绩预降
002600,业绩预降
000820,业绩预降
000799,业绩预降
002005,业绩预降
000892,业绩预降
000709,业绩预降
000590,业绩预降
000782,业绩预降
000756,业绩预降
002069,业绩预降
000007,业绩预降
600150,业绩预降
000544,业绩预降
000988,业绩预降
600651,业绩预降
002442,业绩预降
600487,业绩预降
002204,业绩预降
300063,业绩预降
600429,业绩预降
300174,业绩预降
000885,业绩预降
002568,业绩预降
601899,业绩预降
002696,业绩预降
600470,业绩预降
000507,业绩预降
600423,业绩预降
300138,业绩预降
002407,业绩预降
601908,业绩预降
600997,业绩预降
600491,业绩预降
002680,业绩预降
002548,业绩预降
002122,业绩预降
600051,业绩预降
000036,业绩预降
000430,业绩预降
300156,业绩预降
000029,业绩预降
002411,业绩预降
600281,业绩预降
600982,业绩预降
002068,业绩预降
000429,业绩预降
002099,业绩预降
600618,业绩预降
002427,业绩预降
002193,业绩预降
300305,业绩预降
600345,业绩预降
002231,业绩预降
300105,业绩预降
000061,业绩预降
300050,业绩预降
600368,业绩预降
002218,业绩预降
600971,业绩预降
600397,业绩预降
600121,业绩预降
002623,业绩预降
002601,业绩预降
000780,业绩预降
300049,业绩预降
000927,业绩预降
002019,业绩预降
002167,业绩预降
000912,业绩预降
000933,业绩预降
300224,业绩预降
002493,业绩预降
000703,业绩预降
000422,业绩预降
000576,业绩预降
000969,业绩预降
002632,业绩预降
300223,业绩预降
002209,业绩预降
600712,业绩预降
600508,业绩预降
300260,业绩预降
002679,业绩预降
000629,业绩预降
002328,业绩预降
300348,业绩预降
002365,业绩预降
000831,业绩预降
002505,业绩预降
600371,业绩预降
300340,业绩预降
002477,业绩预降
002232,业绩预降
300277,业绩预降
002389,业绩预降
600290,业绩预降
300022,业绩预降
002197,业绩预降
002120,业绩预降
600702,业绩预降
300185,业绩预降
600667,业绩预降
300077,业绩预降
002123,业绩预降
600636,业绩预降
300248,业绩预降
000962,业绩预降
002264,业绩预降
300201,业绩预降
000421,业绩预降
002378,业绩预降
300264,业绩预降
300025,业绩预降
300047,业绩预降
600425,业绩预降
300282,业绩预降
600395,业绩预降
601958,业绩预降
002555,业绩预降
002526,业绩预降
002058,业绩预降
002196,业绩预降
000925,业绩预降
002157,业绩预降
600272,业绩预降
002552,业绩预降
600160,业绩预降
002164,业绩预降
000548,业绩预降
300045,业绩预降
002208,业绩预降
002517,业绩预降
002312,业绩预降
600006,业绩预降
000410,业绩预降
002499,业绩预降
002504,业绩预降
300188,业绩预降
300323,业绩预降
300221,业绩预降
000936,业绩预降
002169,业绩预降
002659,业绩预降
002576,业绩预降
300208,业绩预降
601918,业绩预降
300331,业绩预降
300297,业绩预降
002118,业绩预降
000560,业绩预降
300167,业绩预降
002520,业绩预降
000020,业绩预降
300085,业绩预降
002189,业绩预降
002529,业绩预降
002405,业绩预降
600592,业绩预降
002115,业绩预降
002067,业绩预降
002061,业绩预降
300017,云计算
300002,云计算
002095,云计算
601928,云计算
000021,云计算
002065,云计算
002195,云计算
600718,云计算
600105,云计算
000063,云计算
600037,云计算
002544,云计算
002368,云计算
300383,云计算
600289,云计算
600385,云计算
600804,云计算
000066,云计算
000007,云计算
600522,云计算
600588,云计算
000836,云计算
600100,云计算
002642,云计算
002063,云计算
000938,云计算
002396,云计算
300290,云计算
000611,云计算
600850,云计算
600536,云计算
300020,云计算
603019,云计算
300366,云计算
600601,云计算
300379,云计算
600845,云计算
002093,云计算
300036,云计算
300245,云计算
002657,云计算
600678,云计算
600770,云计算
300188,云计算
000070,云计算
002268,云计算
000971,云计算
300297,云计算
600410,云计算
600198,云计算
000977,云计算
600756,云计算
300229,云计算
600797,云计算
300051,云计算
000525,沿海发展
600557,沿海发展
002024,沿海发展
600805,沿海发展
002081,沿海发展
600064,沿海发展
002156,沿海发展
600099,沿海发展
002239,沿海发展
600533,沿海发展
600736,沿海发展
002044,沿海发展
000626,沿海发展
600522,沿海发展
600276,沿海发展
600406,沿海发展
000718,沿海发展
600486,沿海发展
000551,沿海发展
000816,沿海发展
601009,沿海发展
002255,沿海发展
600475,沿海发展
002274,沿海发展
002074,沿海发展
000570,沿海发展
601008,沿海发展
000777,沿海发展
600973,沿海发展
600862,沿海发展
600770,沿海发展
600268,沿海发展
600220,沿海发展
002077,沿海发展
002201,沿海发展
600970,沿海发展
600325,粤港澳
600894,粤港澳
002233,粤港澳
000601,粤港澳
000513,粤港澳
000529,粤港澳
002005,粤港澳
600428,粤港澳
000659,粤港澳
000893,粤港澳
000023,粤港澳
002180,粤港澳
000006,粤港澳
000090,粤港澳
002063,粤港澳
000507,粤港澳
000036,粤港澳
000029,粤港澳
000062,粤港澳
000429,粤港澳
000042,粤港澳
000055,粤港澳
002192,粤港澳
002017,粤港澳
002060,粤港澳
002016,粤港澳
002187,粤港澳
000011,粤港澳
000523,粤港澳
600185,粤港澳
002461,粤港澳
600685,粤港澳
000014,粤港澳
000020,粤港澳
000532,粤港澳
300017,信息安全
300324,信息安全
300352,信息安全
002474,信息安全
300010,信息安全
600271,信息安全
300188,信息安全
002268,信息安全
300297,信息安全
300038,信息安全
300311,信息安全
002439,信息安全
300229,信息安全
300302,信息安全
601288,信托重仓
002595,信托重仓
002267,信托重仓
600009,信托重仓
002311,信托重仓
600827,信托重仓
000729,信托重仓
600663,信托重仓
601992,信托重仓
002573,信托重仓
000783,信托重仓
601808,信托重仓
600859,信托重仓
600027,信托重仓
600690,信托重仓
600639,信托重仓
000049,信托重仓
000776,信托重仓
600587,信托重仓
000999,信托重仓
600863,信托重仓
000063,信托重仓
600703,信托重仓
600585,信托重仓
601933,信托重仓
600666,信托重仓
600106,信托重仓
600643,信托重仓
600645,信托重仓
000982,信托重仓
600739,信托重仓
000799,信托重仓
000426,信托重仓
600525,信托重仓
002070,信托重仓
000511,信托重仓
002005,信托重仓
002219,信托重仓
601018,信托重仓
600499,信托重仓
000882,信托重仓
601169,信托重仓
600713,信托重仓
601688,信托重仓
601139,信托重仓
000686,信托重仓
601555,信托重仓
600067,信托重仓
600369,信托重仓
000728,信托重仓
002244,信托重仓
002465,信托重仓
600586,信托重仓
000608,信托重仓
600470,信托重仓
600000,信托重仓
000504,信托重仓
600794,信托重仓
600123,信托重仓
300122,信托重仓
601009,信托重仓
600372,信托重仓
002305,信托重仓
002255,信托重仓
600982,信托重仓
000637,信托重仓
600971,信托重仓
600724,信托重仓
002167,信托重仓
600577,信托重仓
000703,信托重仓
000422,信托重仓
600086,信托重仓
600712,信托重仓
000629,信托重仓
600331,信托重仓
601880,信托重仓
000829,信托重仓
300054,信托重仓
600235,信托重仓
000960,信托重仓
002013,信托重仓
600183,信托重仓
600973,信托重仓
000536,信托重仓
000957,信托重仓
002263,信托重仓
600782,信托重仓
002086,信托重仓
002549,信托重仓
300168,信托重仓
002367,信托重仓
000793,信托重仓
600316,信托重仓
601918,信托重仓
000920,信托重仓
000993,信托重仓
600383,信托重仓
600549,稀土永磁
600366,稀土永磁
600362,稀土永磁
000970,稀土永磁
000636,稀土永磁
600111,稀土永磁
000758,稀土永磁
600193,稀土永磁
600058,稀土永磁
600110,稀土永磁
600392,稀土永磁
600478,稀土永磁
600259,稀土永磁
600614,稀土永磁
002057,稀土永磁
000511,稀土永磁
002600,稀土永磁
000795,稀土永磁
300127,稀土永磁
300224,稀土永磁
000969,稀土永磁
000831,稀土永磁
600206,稀土永磁
002352,稀土永磁
600330,稀土永磁
601600,稀土永磁
000752,稀土永磁
600980,稀土永磁
000993,稀土永磁
002004,新三板
000783,新三板
600783,新三板
600895,新三板
600064,新三板
000661,新三板
000931,新三板
002426,新三板
600736,新三板
002453,新三板
600872,新三板
000786,新三板
000839,新三板
600353,新三板
000686,新三板
002038,新三板
601377,新三板
000009,新三板
002489,新三板
600665,新三板
600082,新三板
000938,新三板
600658,新三板
000682,新三板
002349,新三板
002130,新三板
600624,新三板
600604,新三板
002077,新三板
000628,新三板
002471,新三板
000920,新三板
300252,新三板
600133,新三板
000532,新三板
000792,稀缺资源
000612,稀缺资源
600549,稀缺资源
600362,稀缺资源
000060,稀缺资源
600111,稀缺资源
000758,稀缺资源
600141,稀缺资源
600189,稀缺资源
000630,稀缺资源
600497,稀缺资源
600432,稀缺资源
600318,稀缺资源
000878,稀缺资源
600251,稀缺资源
600293,稀缺资源
600456,稀缺资源
600459,稀缺资源
600123,稀缺资源
000968,稀缺资源
600888,稀缺资源
600328,稀缺资源
600121,稀缺资源
000751,稀缺资源
000807,稀缺资源
600255,稀缺资源
600792,稀缺资源
600508,稀缺资源
600331,稀缺资源
600531,稀缺资源
600367,稀缺资源
600547,稀缺资源
600299,稀缺资源
000983,稀缺资源
000960,稀缺资源
600489,稀缺资源
000962,稀缺资源
600183,稀缺资源
000762,稀缺资源
600714,稀缺资源
600980,稀缺资源
000655,稀缺资源
000690,新能源
600580,新能源
601727,新能源
600027,新能源
000975,新能源
000049,新能源
600795,新能源
600642,新能源
600875,新能源
600111,新能源
600152,新能源
002202,新能源
000786,新能源
000720,新能源
600590,新能源
600482,新能源
600884,新能源
600112,新能源
000521,新能源
000836,新能源
600674,新能源
600256,新能源
002009,新能源
600089,新能源
000415,新能源
002083,新能源
600438,新能源
000899,新能源
600550,新能源
600644,新能源
002006,新能源
600131,新能源
000012,新能源
000533,新能源
000862,新能源
600098,新能源
002218,新能源
000055,新能源
600328,新能源
600893,新能源
000969,新能源
002060,新能源
002074,新能源
600396,新能源
600206,新能源
600605,新能源
600885,新能源
000767,新能源
600290,新能源
600192,新能源
000627,新能源
600578,新能源
002035,新能源
600076,新能源
000777,新能源
000691,新能源
600661,新能源
000683,新能源
600538,新能源
600653,新能源
600151,新能源
002164,新能源
600220,新能源
002077,新能源
600184,新能源
000930,新能源
600416,新能源
002080,新能源
000151,新能源
002129,新能源
002672,循环经济
000652,循环经济
002340,循环经济
600864,循环经济
600292,循环经济
000100,循环经济
002015,循环经济
300190,循环经济
601388,循环经济
002645,循环经济
000939,循环经济
000630,循环经济
000826,循环经济
300090,循环经济
002479,循环经济
002009,循环经济
000009,循环经济
600116,循环经济
600323,循环经济
002616,循环经济
600649,循环经济
600475,循环经济
600098,循环经济
600724,循环经济
600247,循环经济
600531,循环经济
002630,循环经济
002124,循环经济
000407,循环经济
300152,循环经济
000027,循环经济
600726,循环经济
600545,循环经济
600839,循环经济
300187,循环经济
600133,循环经济
000532,循环经济
000906,循环经济
000869,外资背景
000895,外资背景
000001,外资背景
002032,外资背景
002047,外资背景
600641,外资背景
000659,外资背景
000541,外资背景
000005,外资背景
600114,外资背景
000935,外资背景
600132,外资背景
600819,外资背景
000608,外资背景
000932,外资背景
600779,外资背景
600182,外资背景
600595,外资背景
600007,外资背景
002151,卫星导航
600879,卫星导航
600990,卫星导航
002044,卫星导航
002465,卫星导航
600345,卫星导航
300013,卫星导航
300102,卫星导航
300177,卫星导航
002232,卫星导航
300075,卫星导航
002025,卫星导航
300036,卫星导航
300045,卫星导航
002383,卫星导航
600501,卫星导航
600118,卫星导航
300053,卫星导航
300018,卫星导航
300101,卫星导航
002405,卫星导航
000058,卫星导航
002001,维生素
002332,维生素
600216,维生素
002562,维生素
600666,维生素
600812,维生素
300401,维生素
000597,维生素
000788,维生素
002626,维生素
002019,维生素
000952,维生素
600874,污水处理
002672,污水处理
002573,污水处理
300070,污水处理
000685,污水处理
600187,污水处理
600481,污水处理
002140,污水处理
300055,污水处理
600008,污水处理
000598,污水处理
300263,污水处理
300262,污水处理
300190,污水处理
000753,污水处理
300266,污水处理
000778,污水处理
000826,污水处理
000544,污水处理
300334,污水处理
300437,污水处理
300362,污水处理
600458,污水处理
600168,污水处理
600323,污水处理
600649,污水处理
600350,污水处理
600969,污水处理
300172,污水处理
600724,污水处理
002168,污水处理
300422,污水处理
300165,污水处理
600290,污水处理
600846,污水处理
000915,污水处理
300152,污水处理
000605,污水处理
601158,污水处理
002125,污水处理
600545,污水处理
600461,污水处理
300425,污水处理
000920,污水处理
300388,污水处理
000532,污水处理
600133,污水处理
300043,网络游戏
600637,网络游戏
300113,网络游戏
300002,网络游戏
601928,网络游戏
002181,网络游戏
002602,网络游戏
002699,网络游戏
002605,网络游戏
300027,网络游戏
300324,网络游戏
300148,网络游戏
300300,网络游戏
300089,网络游戏
300052,网络游戏
300312,网络游戏
002577,网络游戏
002348,网络游戏
600633,网络游戏
002174,网络游戏
600804,网络游戏
000979,网络游戏
002502,网络游戏
600100,网络游戏
600880,网络游戏
002089,网络游戏
002486,网络游戏
002148,网络游戏
002354,网络游戏
300339,网络游戏
000829,网络游戏
300315,网络游戏
002359,网络游戏
002229,网络游戏
002416,网络游戏
002555,网络游戏
002261,网络游戏
600770,网络游戏
300288,网络游戏
002292,网络游戏
300053,网络游戏
300311,网络游戏
300038,网络游戏
600198,网络游戏
600797,网络游戏
002512,物联网
002104,物联网
002073,物联网
600787,物联网
600718,物联网
002028,物联网
000997,物联网
300131,物联网
300134,物联网
300096,物联网
300324,物联网
300028,物联网
600525,物联网
300299,物联网
300209,物联网
300184,物联网
300312,物联网
002210,物联网
000851,物联网
002151,物联网
000901,物联网
600990,物联网
002121,物联网
002183,物联网
002079,物联网
600271,物联网
000988,物联网
300365,物联网
600100,物联网
002642,物联网
000507,物联网
300078,物联网
600345,物联网
002231,物联网
000682,物联网
002017,物联网
000701,物联网
600536,物联网
300203,物联网
300077,物联网
300248,物联网
600973,物联网
002130,物联网
600845,物联网
300356,物联网
300155,物联网
600171,物联网
002161,物联网
600770,物联网
300213,物联网
300168,物联网
300007,物联网
600855,物联网
300275,物联网
002169,物联网
300349,物联网
600198,物联网
300014,物联网
002136,皖江区域
601801,皖江区域
600551,皖江区域
002557,皖江区域
600761,皖江区域
600496,皖江区域
000417,皖江区域
002140,皖江区域
600520,皖江区域
300088,皖江区域
600585,皖江区域
600983,皖江区域
600990,皖江区域
002347,皖江区域
600575,皖江区域
300087,皖江区域
002361,皖江区域
002571,皖江区域
002147,皖江区域
000887,皖江区域
000979,皖江区域
600318,皖江区域
000850,皖江区域
002018,皖江区域
002057,皖江区域
000630,皖江区域
300090,皖江区域
000543,皖江区域
000521,皖江区域
002230,皖江区域
000728,皖江区域
002541,皖江区域
600470,皖江区域
300009,皖江区域
600418,皖江区域
600567,皖江区域
600375,皖江区域
002597,皖江区域
300218,皖江区域
300247,皖江区域
000859,皖江区域
600985,皖江区域
600808,皖江区域
600444,皖江区域
600577,皖江区域
600237,皖江区域
600255,皖江区域
000713,皖江区域
000409,皖江区域
000980,皖江区域
000619,皖江区域
002352,皖江区域
000868,皖江区域
000153,皖江区域
002538,皖江区域
002331,皖江区域
002555,皖江区域
600063,皖江区域
600218,皖江区域
600012,皖江区域
002171,皖江区域
002208,皖江区域
002607,皖江区域
002556,皖江区域
002298,皖江区域
002226,皖江区域
601801,文化振兴
600551,文化振兴
601098,文化振兴
600637,文化振兴
601999,文化振兴
600662,文化振兴
002181,文化振兴
600831,文化振兴
600037,文化振兴
300148,文化振兴
600633,文化振兴
600811,文化振兴
000665,文化振兴
002238,文化振兴
000917,文化振兴
300052,文化振兴
300027,文化振兴
002502,文化振兴
600880,文化振兴
000504,文化振兴
600128,文化振兴
600825,文化振兴
000829,文化振兴
600716,文化振兴
600386,文化振兴
002261,文化振兴
300104,文化振兴
600088,文化振兴
000793,文化振兴
002292,文化振兴
600998,武汉规划
000501,武汉规划
002281,武汉规划
000883,武汉规划
002194,武汉规划
600079,武汉规划
600993,武汉规划
600068,武汉规划
600498,武汉规划
600976,武汉规划
300161,武汉规划
000665,武汉规划
300184,武汉规划
600743,武汉规划
600355,武汉规划
000939,武汉规划
600879,武汉规划
002414,武汉规划
000988,武汉规划
600005,武汉规划
600774,武汉规划
600168,武汉规划
600035,武汉规划
002305,武汉规划
000966,武汉规划
600345,武汉规划
000759,武汉规划
000785,武汉规划
002377,武汉规划
600885,武汉规划
300054,武汉规划
002159,武汉规划
600421,武汉规划
300205,武汉规划
600769,武汉规划
600681,武汉规划
000852,武汉规划
300323,武汉规划
300220,武汉规划
600136,武汉规划
300018,武汉规划
600133,武汉规划
000776,未股改
000587,未股改
600610,未股改
000750,未股改
000430,未股改
600733,未股改
600182,未股改
600751,未股改
000010,未股改
000017,未股改
600871,未股改
600728,未股改
000509,未股改
600891,未股改
300125,太阳能
002056,太阳能
002273,太阳能
000418,太阳能
601012,太阳能
601208,太阳能
601886,太阳能
600509,太阳能
000926,太阳能
600690,太阳能
002050,太阳能
002309,太阳能
600703,太阳能
002358,太阳能
300093,太阳能
002121,太阳能
002384,太阳能
300317,太阳能
000066,太阳能
000959,太阳能
600482,太阳能
002248,太阳能
601877,太阳能
002256,太阳能
002165,太阳能
000656,太阳能
600674,太阳能
600089,太阳能
300111,太阳能
000973,太阳能
000916,太阳能
002083,太阳能
600295,太阳能
600308,太阳能
300095,太阳能
600586,太阳能
300393,太阳能
601908,太阳能
600550,太阳能
000816,太阳能
600644,太阳能
002006,太阳能
300082,太阳能
000012,太阳能
000533,太阳能
002008,太阳能
000862,太阳能
300102,太阳能
002518,太阳能
002218,太阳能
000055,太阳能
002623,太阳能
002019,太阳能
600893,太阳能
000815,太阳能
601222,太阳能
603806,太阳能
300160,太阳能
002613,太阳能
600021,太阳能
002132,太阳能
600673,太阳能
300118,太阳能
002389,太阳能
002035,太阳能
002610,太阳能
000962,太阳能
600330,太阳能
600095,太阳能
002062,太阳能
600661,太阳能
600537,太阳能
600359,太阳能
600207,太阳能
002139,太阳能
600151,太阳能
600770,太阳能
600220,太阳能
601636,太阳能
600135,太阳能
300029,太阳能
002371,太阳能
002077,太阳能
002335,太阳能
600184,太阳能
002506,太阳能
600796,太阳能
600589,太阳能
002189,太阳能
300080,太阳能
002163,太阳能
600826,体育概念
000839,体育概念
002052,体育概念
000720,体育概念
600132,体育概念
002105,体育概念
603555,体育概念
600881,体育概念
000599,体育概念
300005,体育概念
002098,体育概念
600287,体育概念
002615,体育概念
601718,体育概念
600158,体育概念
002395,体育概念
000558,体育概念
300162,体育概念
600688,碳纤维
601208,碳纤维
600869,碳纤维
600146,碳纤维
603077,碳纤维
600346,碳纤维
000420,碳纤维
600143,碳纤维
300095,碳纤维
000928,碳纤维
002168,碳纤维
002019,碳纤维
002297,碳纤维
600516,碳纤维
600061,碳纤维
000687,碳纤维
002056,特斯拉
000030,特斯拉
002466,特斯拉
600869,特斯拉
002340,特斯拉
600611,特斯拉
600805,特斯拉
600335,特斯拉
000049,特斯拉
000559,特斯拉
002028,特斯拉
300134,特斯拉
002203,特斯拉
600110,特斯拉
002121,特斯拉
000839,特斯拉
000887,特斯拉
002091,特斯拉
000400,特斯拉
600884,特斯拉
600114,特斯拉
000973,特斯拉
000009,特斯拉
002101,特斯拉
002460,特斯拉
600418,特斯拉
002540,特斯拉
002501,特斯拉
300068,特斯拉
300037,特斯拉
600699,特斯拉
000969,特斯拉
002510,特斯拉
600273,特斯拉
002594,特斯拉
000800,特斯拉
002045,特斯拉
002484,特斯拉
002664,特斯拉
300014,特斯拉
600390,特斯拉
000661,图们江
000669,图们江
600110,图们江
300108,图们江
002622,图们江
600462,图们江
600189,图们江
600856,图们江
601929,图们江
000545,图们江
000420,图们江
000546,图们江
600742,图们江
000718,图们江
600697,图们江
000928,图们江
601518,图们江
002501,图们江
600247,图们江
600699,图们江
600881,图们江
600333,图们江
002232,图们江
600360,图们江
600215,图们江
000800,图们江
600148,图们江
002566,图们江
000766,图们江
002118,图们江
000875,图们江
601800,铁路基建
002271,铁路基建
600010,铁路基建
601186,铁路基建
600580,铁路基建
601390,铁路基建
600787,铁路基建
600498,铁路基建
600528,铁路基建
601766,铁路基建
600525,铁路基建
300011,铁路基建
300062,铁路基建
300150,铁路基建
300411,铁路基建
000887,铁路基建
000595,铁路基建
603111,铁路基建
600967,铁路基建
002248,铁路基建
300407,铁路基建
300446,铁路基建
300320,铁路基建
300440,铁路基建
601677,铁路基建
600458,铁路基建
000008,铁路基建
002122,铁路基建
300200,铁路基建
300367,铁路基建
002501,铁路基建
600808,铁路基建
002282,铁路基建
000976,铁路基建
600169,铁路基建
601002,铁路基建
000629,铁路基建
600820,铁路基建
603100,铁路基建
002046,铁路基建
603969,铁路基建
600973,铁路基建
600495,铁路基建
000967,铁路基建
002480,铁路基建
300044,铁路基建
300351,铁路基建
600268,铁路基建
002161,铁路基建
002296,铁路基建
300213,铁路基建
000609,铁路基建
000065,铁路基建
300001,铁路基建
600765,铁路基建
600416,铁路基建
000920,铁路基建
600592,铁路基建
600510,土地流转
600748,土地流转
600662,土地流转
600240,土地流转
000979,土地流转
600209,土地流转
600189,土地流转
600515,土地流转
600555,土地流转
002070,土地流转
601996,土地流转
600246,土地流转
600108,土地流转
000009,土地流转
600683,土地流转
002185,土地流转
600257,土地流转
000048,土地流转
002366,土地流转
000055,土地流转
000715,土地流转
002403,土地流转
002016,土地流转
600506,土地流转
600094,土地流转
600759,土地流转
600692,土地流转
300021,土地流转
000537,土地流转
000736,土地流转
000735,土地流转
600215,土地流转
600675,土地流转
600354,土地流转
002170,土地流转
000523,土地流转
000797,土地流转
601118,土地流转
600598,土地流转
600626,土地流转
600313,土地流转
600158,土地流转
002087,土地流转
600156,土地流转
002556,土地流转
002067,土地流转
002681,送转潜力
002671,送转潜力
300263,送转潜力
300295,送转潜力
300285,送转潜力
002661,送转潜力
002700,送转潜力
300342,送转潜力
300271,送转潜力
300289,送转潜力
002630,送转潜力
300326,送转潜力
002695,送转潜力
002649,送转潜力
002644,送转潜力
300294,送转潜力
002664,送转潜力
000046,深圳本地
000030,深圳本地
600380,深圳本地
000001,深圳本地
000021,深圳本地
000049,深圳本地
000028,深圳本地
000060,深圳本地
000069,深圳本地
000063,深圳本地
000040,深圳本地
000024,深圳本地
000023,深圳本地
000022,深圳本地
000007,深圳本地
000005,深圳本地
600525,深圳本地
000066,深圳本地
000016,深圳本地
000002,深圳本地
600036,深圳本地
000056,深圳本地
000006,深圳本地
000090,深圳本地
000009,深圳本地
000089,深圳本地
000045,深圳本地
600548,深圳本地
000008,深圳本地
000036,深圳本地
000029,深圳本地
000062,深圳本地
000048,深圳本地
000012,深圳本地
000031,深圳本地
000042,深圳本地
000061,深圳本地
000055,深圳本地
000068,深圳本地
000026,深圳本地
000019,深圳本地
000409,深圳本地
000096,深圳本地
000050,深圳本地
000010,深圳本地
000035,深圳本地
000011,深圳本地
000018,深圳本地
000017,深圳本地
000099,深圳本地
000037,深圳本地
000027,深圳本地
000004,深圳本地
000034,深圳本地
000043,深圳本地
000065,深圳本地
000014,深圳本地
000070,深圳本地
000038,深圳本地
000020,深圳本地
000025,深圳本地
000032,深圳本地
000078,深圳本地
000058,深圳本地
600383,深圳本地
002069,水域改革
300094,水域改革
600257,水域改革
002696,水域改革
600467,水域改革
002173,水域改革
000798,水域改革
002086,水域改革
002447,水域改革
600275,水域改革
000652,生物质能
600027,生物质能
000939,生物质能
002604,生物质能
000601,生物质能
600238,生物质能
600191,生物质能
300090,生物质能
002616,生物质能
000966,生物质能
600475,生物质能
000576,生物质能
600311,生物质能
600371,生物质能
300335,生物质能
002630,生物质能
002124,生物质能
300153,生物质能
300152,生物质能
600538,生物质能
600598,生物质能
000833,生物质能
000930,生物质能
000911,生物质能
000860,生物育种
002041,生物育种
300094,生物育种
300087,生物育种
300189,生物育种
002069,生物育种
000998,生物育种
000713,生物育种
600371,生物育种
300106,生物育种
600354,生物育种
002157,生物育种
002086,生物育种
002447,生物育种
600267,生物疫苗
600351,生物疫苗
600572,生物疫苗
002252,生物疫苗
600216,生物疫苗
600196,生物疫苗
600062,生物疫苗
600993,生物疫苗
000739,生物疫苗
600594,生物疫苗
000661,生物疫苗
002007,生物疫苗
300142,生物疫苗
600332,生物疫苗
600195,生物疫苗
000756,生物疫苗
600530,生物疫苗
002166,生物疫苗
002030,生物疫苗
600645,生物疫苗
002038,生物疫苗
600201,生物疫苗
600132,生物疫苗
002022,生物疫苗
300009,生物疫苗
000597,生物疫苗
300122,生物疫苗
600252,生物疫苗
000518,生物疫苗
000788,生物疫苗
300313,生物疫苗
002100,生物疫苗
300289,生物疫苗
600161,生物疫苗
600513,生物疫苗
600789,生物疫苗
600796,生物疫苗
000790,生物疫苗
000766,生物疫苗
000819,生物疫苗
300294,生物疫苗
000078,生物疫苗
000952,生物疫苗
002604,生物燃料
000939,生物燃料
600238,生物燃料
300090,生物燃料
000859,生物燃料
600475,生物燃料
600311,生物燃料
600371,生物燃料
300335,生物燃料
002124,生物燃料
600598,生物燃料
000930,生物燃料
600551,三网融合
002104,三网融合
600637,三网融合
300079,三网融合
300017,三网融合
002281,三网融合
601999,三网融合
002194,三网融合
600373,三网融合
600498,三网融合
000997,三网融合
002181,三网融合
600831,三网融合
000063,三网融合
600037,三网融合
002313,三网融合
300027,三网融合
002316,三网融合
002400,三网融合
300028,三网融合
600289,三网融合
000519,三网融合
600804,三网融合
300058,三网融合
000665,三网融合
300250,三网融合
002238,三网融合
002183,三网融合
000892,三网融合
000917,三网融合
000806,三网融合
000851,三网融合
002052,三网融合
600271,三网融合
600522,三网融合
600487,三网融合
600100,三网融合
600880,三网融合
600050,三网融合
600203,三网融合
002089,三网融合
000504,三网融合
002138,三网融合
002148,三网融合
000682,三网融合
002017,三网融合
600825,三网融合
000701,三网融合
600584,三网融合
300264,三网融合
300025,三网融合
600800,三网融合
002519,三网融合
002093,三网融合
300251,三网融合
002261,三网融合
600171,三网融合
002161,三网融合
300104,三网融合
600088,三网融合
002268,三网融合
600640,三网融合
000793,三网融合
002292,三网融合
000801,三网融合
000503,三网融合
600198,三网融合
600747,三网融合
600803,生态农业
002385,生态农业
000860,生态农业
002041,生态农业
002470,生态农业
300087,生态农业
300189,生态农业
600075,生态农业
600143,生态农业
000902,生态农业
000998,生态农业
002539,生态农业
000713,生态农业
600371,生态农业
300106,生态农业
002215,生态农业
600354,生态农业
002170,生态农业
002157,生态农业
002263,生态农业
300387,生态农业
002015,ST板块
002306,ST板块
600732,ST板块
000799,ST板块
600793,ST板块
000892,ST板块
600242,ST板块
600385,ST板块
600408,ST板块
600710,ST板块
002608,ST板块
600072,ST板块
000590,ST板块
600870,ST板块
000659,ST板块
000520,ST板块
000403,ST板块
000711,ST板块
600817,ST板块
000677,ST板块
900922,ST板块
600644,ST板块
600265,ST板块
600691,ST板块
600722,ST板块
600069,ST板块
600779,ST板块
600401,ST板块
000976,ST板块
000927,ST板块
600163,ST板块
000995,ST板块
600301,ST板块
000510,ST板块
600217,ST板块
002417,ST板块
000611,ST板块
600091,ST板块
600247,ST板块
600715,ST板块
600539,ST板块
600145,ST板块
002192,ST板块
600962,ST板块
000068,ST板块
600071,ST板块
000815,ST板块
002633,ST板块
600984,ST板块
600608,ST板块
000912,ST板块
000059,ST板块
000155,ST板块
000755,ST板块
002506,ST板块
002320,三沙概念
000566,三沙概念
600515,三沙概念
600209,三沙概念
000613,三沙概念
000886,三沙概念
600896,三沙概念
600759,三沙概念
000567,三沙概念
000735,三沙概念
000691,三沙概念
000099,三沙概念
601118,三沙概念
000505,三沙概念
000625,氢燃料
600872,氢燃料
002274,氢燃料
600192,氢燃料
600846,氢燃料
600686,氢燃料
300012,食品安全
000997,食品安全
601933,食品安全
002030,食品安全
600271,食品安全
002299,食品安全
300271,食品安全
000061,食品安全
000530,食品安全
600071,食品安全
000701,食品安全
300260,食品安全
300165,食品安全
002477,食品安全
300203,食品安全
300306,食品安全
002637,食品安全
300020,食品安全
600288,食品安全
002161,食品安全
600805,石墨烯
002341,石墨烯
600152,石墨烯
300317,石墨烯
300064,石墨烯
300108,石墨烯
600735,石墨烯
000511,石墨烯
002092,石墨烯
000413,石墨烯
002442,石墨烯
000009,石墨烯
002450,石墨烯
000928,石墨烯
600691,石墨烯
300068,石墨烯
000510,石墨烯
002297,石墨烯
600516,石墨烯
300073,石墨烯
002389,石墨烯
600183,石墨烯
002139,石墨烯
002631,石墨烯
002319,石墨烯
002471,石墨烯
600503,石墨烯
300128,石墨烯
000532,石墨烯
600533,赛马概念
600195,赛马概念
600777,赛马概念
000979,赛马概念
600555,赛马概念
600168,赛马概念
600361,赛马概念
600692,赛马概念
002264,赛马概念
000735,赛马概念
600684,赛马概念
600158,赛马概念
002520,赛马概念
002051,水利建设
600068,水利建设
600075,水利建设
600116,水利建设
600283,水利建设
300145,水利建设
600131,水利建设
002532,水利建设
002060,水利建设
002457,水利建设
300021,水利建设
002205,水利建设
600502,水利建设
002586,水利建设
002619,水利建设
002131,水利建设
600326,水利建设
600208,涉矿概念
002225,涉矿概念
600507,涉矿概念
000603,涉矿概念
600010,涉矿概念
002470,涉矿概念
000975,涉矿概念
002252,涉矿概念
600240,涉矿概念
000908,涉矿概念
000100,涉矿概念
600039,涉矿概念
600101,涉矿概念
002203,涉矿概念
600745,涉矿概念
002418,涉矿概念
000007,涉矿概念
002481,涉矿概念
002392,涉矿概念
002239,涉矿概念
600811,涉矿概念
600882,涉矿概念
600575,涉矿概念
600614,涉矿概念
600482,涉矿概念
600393,涉矿概念
600568,涉矿概念
600532,涉矿概念
600603,涉矿概念
600193,涉矿概念
600146,涉矿概念
600110,涉矿概念
600392,涉矿概念
600721,涉矿概念
600734,涉矿概念
000511,涉矿概念
002070,涉矿概念
000426,涉矿概念
000813,涉矿概念
000540,涉矿概念
000850,涉矿概念
000534,涉矿概念
000979,涉矿概念
000697,涉矿概念
002176,涉矿概念
000711,涉矿概念
600090,涉矿概念
600112,涉矿概念
600251,涉矿概念
002180,涉矿概念
600089,涉矿概念
002162,涉矿概念
600766,涉矿概念
000718,涉矿概念
000663,涉矿概念
000008,涉矿概念
600051,涉矿概念
000816,涉矿概念
000159,涉矿概念
600596,涉矿概念
002449,涉矿概念
600987,涉矿概念
000779,涉矿概念
600368,涉矿概念
600162,涉矿概念
002206,涉矿概念
600247,涉矿概念
002192,涉矿概念
600505,涉矿概念
600792,涉矿概念
600083,涉矿概念
600336,涉矿概念
002328,涉矿概念
600711,涉矿概念
000409,涉矿概念
002326,涉矿概念
600516,涉矿概念
600759,涉矿概念
000547,涉矿概念
002459,涉矿概念
600359,涉矿概念
000861,涉矿概念
002021,涉矿概念
002276,涉矿概念
002125,涉矿概念
600744,涉矿概念
600287,涉矿概念
000752,涉矿概念
000408,涉矿概念
000506,涉矿概念
000517,涉矿概念
600807,涉矿概念
000710,涉矿概念
600576,涉矿概念
600773,涉矿概念
600868,涉矿概念
600275,涉矿概念
600326,涉矿概念
600747,涉矿概念
600650,上海自贸
600018,上海自贸
600630,上海自贸
600170,上海自贸
600648,上海自贸
600655,上海自贸
600663,上海自贸
600836,上海自贸
600115,上海自贸
600284,上海自贸
600611,上海自贸
600639,上海自贸
600895,上海自贸
600818,上海自贸
603128,上海自贸
600689,上海自贸
600754,上海自贸
600732,上海自贸
600643,上海自贸
002183,上海自贸
603003,上海自贸
600708,上海自贸
600676,上海自贸
600695,上海自贸
600628,上海自贸
600278,上海自贸
600822,上海自贸
600061,上海自贸
300330,上海自贸
600650,上海本地
600018,上海本地
600630,上海本地
600170,上海本地
600823,上海本地
600009,上海本地
600648,上海本地
600617,上海本地
600019,上海本地
600655,上海本地
600637,上海本地
600851,上海本地
600827,上海本地
600663,上海本地
600836,上海本地
600115,上海本地
600688,上海本地
600748,上海本地
600104,上海本地
600196,上海本地
600611,上海本地
600741,上海本地
600639,上海本地
600895,上海本地
600662,上海本地
600642,上海本地
600835,上海本地
002028,上海本地
600315,上海本地
600826,上海本地
600530,上海本地
600620,上海本地
600641,上海本地
600817,上海本地
600633,上海本地
600555,上海本地
600634,上海本地
600654,上海本地
600073,上海本地
600754,上海本地
600652,上海本地
600645,上海本地
600072,上海本地
600732,上海本地
600603,上海本地
600490,上海本地
600614,上海本地
600689,上海本地
600610,上海本地
600643,上海本地
600841,上海本地
600597,上海本地
600150,上海本地
600517,上海本地
600651,上海本地
600635,上海本地
600837,上海本地
600819,上海本地
600119,上海本地
600708,上海本地
600676,上海本地
600000,上海本地
600606,上海本地
600649,上海本地
600824,上海本地
600210,上海本地
600619,上海本地
600844,上海本地
600834,上海本地
600638,上海本地
600622,上海本地
600665,上海本地
600623,上海本地
600618,上海本地
600695,上海本地
600608,上海本地
600850,上海本地
600612,上海本地
600615,上海本地
600825,上海本地
600616,上海本地
600833,上海本地
600508,上海本地
600021,上海本地
600820,上海本地
600843,上海本地
600605,上海本地
600628,上海本地
600278,上海本地
600636,上海本地
600692,上海本地
600846,上海本地
600822,上海本地
600601,上海本地
600848,上海本地
600675,上海本地
600624,上海本地
600320,上海本地
600661,上海本地
600602,上海本地
600679,上海本地
600061,上海本地
600621,上海本地
600604,上海本地
600647,上海本地
600613,上海本地
600653,上海本地
600151,上海本地
600171,上海本地
600626,上海本地
600781,上海本地
600680,上海本地
600838,上海本地
600640,上海本地
600081,上海本地
600730,上海本地
002267,陕甘宁
000557,陕甘宁
000563,陕甘宁
601012,陕甘宁
601179,陕甘宁
002673,陕甘宁
600831,陕甘宁
600165,陕甘宁
000982,陕甘宁
600707,陕甘宁
002109,陕甘宁
002219,陕甘宁
300164,陕甘宁
600146,陕甘宁
600886,陕甘宁
300116,陕甘宁
000812,陕甘宁
000595,陕甘宁
000697,陕甘宁
600455,陕甘宁
600720,陕甘宁
600108,陕甘宁
600456,陕甘宁
601798,陕甘宁
002185,陕甘宁
000929,陕甘宁
000635,陕甘宁
600302,陕甘宁
600738,陕甘宁
000796,陕甘宁
000862,陕甘宁
002145,陕甘宁
000779,陕甘宁
600080,陕甘宁
000995,陕甘宁
600217,陕甘宁
600893,陕甘宁
000815,陕甘宁
600984,陕甘宁
600311,陕甘宁
600248,陕甘宁
002149,陕甘宁
000564,陕甘宁
600516,陕甘宁
002457,陕甘宁
000610,陕甘宁
600379,陕甘宁
600192,陕甘宁
600785,陕甘宁
000791,陕甘宁
600706,陕甘宁
300021,陕甘宁
000962,陕甘宁
000516,陕甘宁
600354,陕甘宁
300023,陕甘宁
601958,陕甘宁
600307,陕甘宁
300084,陕甘宁
600543,陕甘宁
600449,陕甘宁
300103,陕甘宁
002644,陕甘宁
000837,陕甘宁
600343,陕甘宁
000561,陕甘宁
000768,陕甘宁
300114,陕甘宁
300140,陕甘宁
000721,陕甘宁
000812,丝绸之路
000672,丝绸之路
000982,丝绸之路
002207,丝绸之路
600146,丝绸之路
600967,丝绸之路
600778,丝绸之路
600720,丝绸之路
000929,丝绸之路
000635,丝绸之路
000159,丝绸之路
600738,丝绸之路
000862,丝绸之路
000779,丝绸之路
600217,丝绸之路
600984,丝绸之路
000498,丝绸之路
000564,丝绸之路
000610,丝绸之路
000877,丝绸之路
600785,丝绸之路
600706,丝绸之路
600425,丝绸之路
600354,丝绸之路
600449,丝绸之路
002302,丝绸之路
600262,丝绸之路
300103,丝绸之路
600545,丝绸之路
300345,丝绸之路
002307,丝绸之路
000721,丝绸之路
601888,奢侈品
002277,奢侈品
600519,奢侈品
002574,奢侈品
002721,奢侈品
300123,奢侈品
002345,奢侈品
000858,奢侈品
002173,奢侈品
600612,奢侈品
600086,奢侈品
000026,奢侈品
002494,奢侈品
002731,奢侈品
000987,奢侈品
601098,社保重仓
002267,社保重仓
000848,社保重仓
601669,社保重仓
002223,社保重仓
002273,社保重仓
600655,社保重仓
002311,社保重仓
000338,社保重仓
600267,社保重仓
601186,社保重仓
600325,社保重仓
002128,社保重仓
000895,社保重仓
002344,社保重仓
601888,社保重仓
002024,社保重仓
600104,社保重仓
000919,社保重仓
002241,社保重仓
600660,社保重仓
600196,社保重仓
000001,社保重仓
601699,社保重仓
600741,社保重仓
600993,社保重仓
600521,社保重仓
002146,社保重仓
002081,社保重仓
002051,社保重仓
600600,社保重仓
601628,社保重仓
000661,社保重仓
600795,社保重仓
000402,社保重仓
600642,社保重仓
600535,社保重仓
600029,社保重仓
000999,社保重仓
000069,社保重仓
600315,社保重仓
002202,社保重仓
002155,社保重仓
600085,社保重仓
601668,社保重仓
601126,社保重仓
002106,社保重仓
002092,社保重仓
000566,社保重仓
600575,社保重仓
002415,社保重仓
600729,社保重仓
000858,社保重仓
601618,社保重仓
000876,社保重仓
600886,社保重仓
000799,社保重仓
600280,社保重仓
000024,社保重仓
600060,社保重仓
600597,社保重仓
600436,社保重仓
600176,社保重仓
600108,社保重仓
600125,社保重仓
000888,社保重仓
600251,社保重仓
002038,社保重仓
600583,社保重仓
600048,社保重仓
600887,社保重仓
600559,社保重仓
601336,社保重仓
600050,社保重仓
002450,社保重仓
600697,社保重仓
600219,社保重仓
002299,社保重仓
300298,社保重仓
002152,社保重仓
601006,社保重仓
601872,社保重仓
000963,社保重仓
000927,社保重仓
600546,社保重仓
002570,社保重仓
600547,社保重仓
300005,社保重仓
300034,社保重仓
600582,社保重仓
601958,社保重仓
600415,社保重仓
000800,社保重仓
601666,社保重仓
300104,社保重仓
601918,社保重仓
600970,社保重仓
002129,社保重仓
002355,融资融券
601231,融资融券
601800,融资融券
601991,融资融券
601801,融资融券
601111,融资融券
002108,融资融券
002064,融资融券
601288,融资融券
601098,融资融券
002419,融资融券
002056,融资融券
002267,融资融券
600023,融资融券
002653,融资融券
601369,融资融券
601669,融资融券
002223,融资融券
002153,融资融券
002273,融资融券
002293,融资融券
002444,融资融券
601939,融资融券
002681,融资融券
600460,融资融券
002004,融资融券
002048,融资融券
002275,融资融券
002311,融资融券
002104,融资融券
002049,融资融券
601678,融资融券
002011,融资融券
000338,融资融券
601988,融资融券
601012,融资融券
002646,融资融券
601777,融资融券
002385,融资融券
600115,融资融券
601186,融资融券
600998,融资融券
601992,融资融券
600325,融资融券
002128,融资融券
002573,融资融券
002041,融资融券
002250,融资融券
601727,融资融券
002375,融资融券
002285,融资融券
002001,融资融券
601808,融资融券
601088,融资融券
002294,融资融券
601390,融资融券
601311,融资融券
601886,融资融券
601101,融资融券
600572,融资融券
002437,融资融券
002470,融资融券
600027,融资融券
002251,融资融券
002073,融资融券
002344,融资融券
002281,融资融券
601633,融资融券
601888,融资融券
601216,融资融券
601328,融资融券
601999,融资融券
002393,融资融券
002095,融资融券
002701,融资融券
002024,融资融券
600348,融资融券
002252,融资融券
002236,融资融券
002241,融资融券
002508,融资融券
002340,融资融券
600409,融资融券
600373,融资融券
600481,融资融券
002475,融资融券
601699,融资融券
002140,融资融券
002408,融资融券
601928,融资融券
600993,融资融券
002317,融资融券
601818,融资融券
600521,融资融券
002146,融资融券
002440,融资融券
002277,融资融券
601179,融资融券
002065,融资融券
002304,融资融券
002081,融资融券
002051,融资融券
600594,融资融券
601607,融资融券
600015,融资融券
603993,融资融券
002050,融资融券
002673,融资融券
601628,融资融券
601117,融资融券
601333,融资融券
002428,融资融券
002482,融资融券
601901,融资融券
002029,融资融券
601601,融资融券
002237,融资融券
002233,融资融券
600029,融资融券
000100,融资融券
002028,融资融券
002181,融资融券
600976,融资融券
002202,融资融券
600340,融资融券
002007,融资融券
603000,融资融券
600039,融资融券
601668,融资融券
601766,融资融券
601933,融资融券
600999,融资融券
002069,融资融券
002571,融资融券
600497,融资融券
002308,融资融券
002176,融资融券
002577,融资融券
600900,融资融券
600967,融资融券
002574,融资融券
600575,融资融券
600017,融资融券
002369,融资融券
002191,融资融券
002203,融资融券
600352,融资融券
002030,融资融券
002368,融资融券
600432,融资融券
600392,融资融券
002219,融资融券
002183,融资融券
600490,融资融券
600482,融资融券
600446,融资融券
601866,融资融券
600478,融资融券
002310,融资融券
002070,融资融券
002431,融资融券
601238,融资融券
002399,融资融券
002106,融资融券
601929,融资融券
002079,融资融券
002091,融资融券
002400,融资融券
601388,融资融券
002092,融资融券
002005,融资融券
002401,融资融券
601996,融资融券
002415,融资融券
002325,融资融券
002410,融资融券
002414,融资融券
601919,融资融券
601005,融资融券
601018,融资融券
601618,融资融券
002151,融资融券
002313,融资融券
002474,融资融券
601877,融资融券
600978,融资融券
002353,融资融券
600271,融资融券
002500,融资融券
002078,融资融券
000333,融资融券
601169,融资融券
002221,融资融券
600436,融资融券
600517,融资融券
601318,融资融券
600143,融资融券
002230,融资融券
600251,融资融券
601166,融资融券
601688,融资融券
601139,融资融券
002038,融资融券
600048,融资融券
601377,融资融券
002142,融资融券
002204,融资融券
002603,融资融券
601168,融资融券
601555,融资融券
600406,融资融券
002022,融资融券
002185,融资融券
002642,融资融券
601336,融资融券
600387,融资融券
002244,融资融券
002424,融资融券
002262,融资融券
002465,融资融券
002063,融资融券
600030,融资融券
002456,融资融券
002450,融资融券
601099,融资融券
600459,融资融券
601899,融资融券
601218,融资融券
002460,融资融券
601788,融资融券
002242,融资融券
600470,融资融券
600483,融资融券
600000,融资融券
002407,融资融券
002524,融资融券
601998,融资融券
601519,融资融券
600375,融资融券
600467,融资融券
600570,融资融券
002287,融资融券
600491,融资融券
002299,融资融券
002467,融资融券
002138,融资融券
601009,融资融券
601001,融资融券
601989,融资融券
002158,融资融券
002154,融资融券
002152,融资融券
002008,融资融券
601006,融资融券
600987,融资融券
002501,融资融券
002518,融资融券
002396,融资融券
601789,融资融券
601872,融资融券
600971,融资融券
002148,融资融券
002579,融资融券
002429,融资融券
600022,融资融券
601857,融资融券
002117,融资融券
002493,融资融券
600546,融资融券
002179,融资融券
002016,融资融券
601002,融资融券
600021,融资融券
600711,融资融券
601880,融资融券
601000,融资融券
601717,融资融券
002570,融资融券
002648,融资融券
600584,融资融券
601258,融资融券
600547,融资融券
601038,融资融券
600489,融资融券
600031,融资融券
002378,融资融券
002594,融资融券
600502,融资融券
002130,融资融券
002229,融资融券
600425,融资融券
002490,融资融券
600354,融资融券
601225,融资融券
002023,融资融券
002416,融资融券
601958,融资融券
600307,融资融券
600537,融资融券
600543,融资融券
002093,融资融券
601608,融资融券
601600,融资融券
600449,融资融券
002025,融资融券
600495,融资融券
002461,融资融券
601106,融资融券
601158,融资融券
002276,融资融券
601118,融资融券
002476,融资融券
002261,融资融券
601666,融资融券
600433,融资融券
002161,融资融券
600873,融资融券
002312,融资融券
600545,融资融券
002371,融资融券
002269,融资融券
002266,融资融券
601898,融资融券
002055,融资融券
601718,融资融券
002268,融资融券
600343,融资融券
002292,融资融券
600435,融资融券
600410,融资融券
002190,融资融券
601918,融资融券
002318,融资融券
002118,融资融券
002307,融资融券
002439,融资融券
002405,融资融券
600970,融资融券
002129,融资融券
002556,融资融券
002067,融资融券
002423,融资融券
600478,燃料电池
600872,燃料电池
300408,燃料电池
600459,燃料电池
000571,燃料电池
002274,燃料电池
300068,燃料电池
000868,燃料电池
600192,燃料电池
600636,燃料电池
600846,燃料电池
600686,燃料电池
600220,燃料电池
002549,燃料电池
002592,燃料电池
600390,燃料电池
600690,日韩贸易
000739,日韩贸易
002537,日韩贸易
600735,日韩贸易
300110,日韩贸易
002545,日韩贸易
002094,日韩贸易
600017,日韩贸易
600060,日韩贸易
300183,日韩贸易
600190,日韩贸易
600336,日韩贸易
000599,日韩贸易
601000,日韩贸易
601008,日韩贸易
002498,日韩贸易
600229,日韩贸易
300001,日韩贸易
300208,日韩贸易
000416,日韩贸易
002430,券商重仓
601669,券商重仓
002049,券商重仓
603366,券商重仓
601186,券商重仓
600580,券商重仓
600337,券商重仓
000783,券商重仓
300079,券商重仓
600859,券商重仓
000572,券商重仓
000417,券商重仓
600894,券商重仓
000830,券商重仓
000528,券商重仓
600787,券商重仓
600611,券商重仓
000001,券商重仓
002140,券商重仓
601928,券商重仓
600426,券商重仓
000823,券商重仓
601179,券商重仓
000661,券商重仓
300088,券商重仓
600863,券商重仓
000598,券商重仓
600072,券商重仓
000850,券商重仓
600352,券商重仓
600739,券商重仓
600879,券商重仓
600166,券商重仓
002111,券商重仓
601919,券商重仓
300309,券商重仓
002003,券商重仓
002368,券商重仓
000882,券商重仓
000878,券商重仓
600978,券商重仓
600259,券商重仓
600522,券商重仓
600060,券商重仓
600150,券商重仓
000521,券商重仓
600143,券商重仓
600305,券商重仓
000623,券商重仓
002572,券商重仓
600583,券商重仓
600048,券商重仓
600089,券商重仓
600705,券商重仓
002391,券商重仓
002022,券商重仓
601336,券商重仓
002465,券商重仓
600377,券商重仓
600030,券商重仓
600649,券商重仓
600038,券商重仓
002299,券商重仓
300215,券商重仓
300122,券商重仓
600844,券商重仓
600372,券商重仓
601989,券商重仓
600096,券商重仓
600028,券商重仓
601006,券商重仓
002501,券商重仓
600098,券商重仓
600971,券商重仓
600893,券商重仓
600169,券商重仓
002060,券商重仓
600420,券商重仓
000629,券商重仓
300203,券商重仓
600183,券商重仓
600973,券商重仓
600425,券商重仓
601608,券商重仓
601106,券商重仓
600171,券商重仓
600268,券商重仓
600468,券商重仓
002312,券商重仓
600461,券商重仓
600316,券商重仓
000768,券商重仓
000416,券商重仓
300032,券商重仓
000810,券商重仓
000039,前海概念
002294,前海概念
000069,前海概念
600999,前海概念
000005,前海概念
000023,前海概念
000024,前海概念
002183,前海概念
000016,前海概念
000002,前海概念
600036,前海概念
000006,前海概念
600067,前海概念
000090,前海概念
000009,前海概念
000089,前海概念
600570,前海概念
002138,前海概念
000036,前海概念
002336,前海概念
000012,前海概念
000031,前海概念
000042,前海概念
300037,前海概念
002168,前海概念
000011,前海概念
002416,前海概念
000014,前海概念
000025,前海概念
000032,前海概念
000020,前海概念
600018,QFII重仓
002430,QFII重仓
600801,QFII重仓
000401,QFII重仓
002595,QFII重仓
600823,QFII重仓
600009,QFII重仓
000488,QFII重仓
600389,QFII重仓
600019,QFII重仓
600655,QFII重仓
300003,QFII重仓
601186,QFII重仓
601390,QFII重仓
600859,QFII重仓
000895,QFII重仓
600138,QFII重仓
600270,QFII重仓
600004,QFII重仓
002024,QFII重仓
600104,QFII重仓
600660,QFII重仓
600066,QFII重仓
300115,QFII重仓
600062,QFII重仓
600993,QFII重仓
002277,QFII重仓
002051,QFII重仓
600594,QFII重仓
600015,QFII重仓
600068,QFII重仓
600498,QFII重仓
600585,QFII重仓
601766,QFII重仓
600519,QFII重仓
600101,QFII重仓
600826,QFII重仓
002511,QFII重仓
002400,QFII重仓
002445,QFII重仓
600978,QFII重仓
300170,QFII重仓
002301,QFII重仓
000939,QFII重仓
600172,QFII重仓
000002,QFII重仓
000538,QFII重仓
601169,QFII重仓
600588,QFII重仓
600517,QFII重仓
600305,QFII重仓
600651,QFII重仓
600674,QFII重仓
002142,QFII重仓
600887,QFII重仓
600456,QFII重仓
000009,QFII重仓
000651,QFII重仓
600742,QFII重仓
600377,QFII重仓
002342,QFII重仓
000789,QFII重仓
600486,QFII重仓
600418,QFII重仓
600423,QFII重仓
000932,QFII重仓
600697,QFII重仓
600323,QFII重仓
600219,QFII重仓
600285,QFII重仓
600239,QFII重仓
600550,QFII重仓
601009,QFII重仓
002478,QFII重仓
600596,QFII重仓
002448,QFII重仓
600361,QFII重仓
601006,QFII重仓
000759,QFII重仓
000998,QFII重仓
600098,QFII重仓
600779,QFII重仓
002167,QFII重仓
600897,QFII重仓
300005,QFII重仓
600161,QFII重仓
600031,QFII重仓
002612,QFII重仓
600260,QFII重仓
000616,QFII重仓
600218,QFII重仓
600012,QFII重仓
300347,QFII重仓
600598,QFII重仓
600007,QFII重仓
600118,QFII重仓
600552,QFII重仓
300032,QFII重仓
002664,QFII重仓
002635,苹果概念
002024,苹果概念
002241,苹果概念
300115,苹果概念
002475,苹果概念
000823,苹果概念
000049,苹果概念
002341,苹果概念
002655,苹果概念
002464,苹果概念
002289,苹果概念
002106,苹果概念
002079,苹果概念
600143,苹果概念
300433,苹果概念
600880,苹果概念
002456,苹果概念
600050,苹果概念
000012,苹果概念
002008,苹果概念
002501,苹果概念
002182,苹果概念
000050,苹果概念
000829,苹果概念
300151,苹果概念
002594,苹果概念
300136,苹果概念
002416,苹果概念
300104,苹果概念
300128,苹果概念
002432,苹果概念
601010,内贸规划
600827,内贸规划
000501,内贸规划
600859,内贸规划
002251,内贸规划
600694,内贸规划
002344,内贸规划
000417,内贸规划
002024,内贸规划
002277,内贸规划
600858,内贸规划
601933,内贸规划
600729,内贸规划
600280,内贸规划
600778,内贸规划
002561,内贸规划
600723,内贸规划
600697,内贸规划
600693,内贸规划
002697,内贸规划
000759,内贸规划
600814,内贸规划
000715,内贸规划
000564,内贸规划
600712,内贸规划
600785,内贸规划
600415,内贸规划
000987,内贸规划
000416,内贸规划
600755,农村金融
600869,农村金融
002437,农村金融
601999,农村金融
600079,农村金融
002277,农村金融
600864,农村金融
600872,农村金融
600566,农村金融
002418,农村金融
002699,农村金融
300076,农村金融
600593,农村金融
002545,农村金融
002571,农村金融
002147,农村金融
002112,农村金融
002010,农村金融
000917,农村金融
600586,农村金融
002089,农村金融
601700,农村金融
002661,农村金融
002042,农村金融
000796,农村金融
000998,农村金融
600595,农村金融
600255,农村金融
000828,农村金融
002132,农村金融
000096,农村金融
002397,农村金融
601199,农村金融
002120,农村金融
600692,农村金融
300021,农村金融
000735,农村金融
603333,农村金融
002229,农村金融
002012,农村金融
002321,农村金融
000419,农村金融
002177,农村金融
002276,农村金融
601890,农村金融
002087,农村金融
002447,农村金融
300187,农村金融
002634,农村金融
002556,农村金融
300015,民营医院
600998,民营医院
000919,民营医院
600196,民营医院
600993,民营医院
600594,民营医院
600105,民营医院
000999,民营医院
600518,民营医院
600763,民营医院
000990,民营医院
002219,民营医院
002038,民营医院
002424,民营医院
600829,民营医院
002550,民营医院
300049,民营医院
000700,民营医院
000516,民营医院
600400,民营银行
002064,民营银行
002271,民营银行
000690,民营银行
000900,民营银行
601777,民营银行
000620,民营银行
600998,民营银行
600351,民营银行
601886,民营银行
002024,民营银行
600196,民营银行
002277,民营银行
600478,民营银行
600882,民营银行
002075,民营银行
002622,民营银行
002183,民营银行
002286,民营银行
002361,民营银行
600884,民营银行
600143,民营银行
000656,民营银行
000651,民营银行
002567,民营银行
600122,民营银行
002661,民营银行
600327,民营银行
601339,民营银行
002398,民营银行
600162,民营银行
600255,民营银行
600546,民营银行
600113,民营银行
002457,民营银行
002360,民营银行
600692,民营银行
002640,民营银行
600095,民营银行
002612,民营银行
600728,民营银行
600260,民营银行
601567,民营银行
002177,民营银行
600012,民营银行
002171,民营银行
002031,民营银行
002298,民营银行
600261,绿色照明
600894,绿色照明
002241,绿色照明
600703,绿色照明
300296,绿色照明
000541,绿色照明
002654,绿色照明
002638,绿色照明
300301,绿色照明
002076,绿色照明
002005,绿色照明
002384,绿色照明
300317,绿色照明
300269,绿色照明
002137,绿色照明
600651,绿色照明
002245,绿色照明
600100,绿色照明
600203,绿色照明
002449,绿色照明
300102,绿色照明
000055,绿色照明
002429,绿色照明
600608,绿色照明
300303,绿色照明
000701,绿色照明
002660,绿色照明
300241,绿色照明
300340,绿色照明
600363,绿色照明
600584,绿色照明
002197,绿色照明
000627,绿色照明
600360,绿色照明
002229,绿色照明
300219,绿色照明
300232,绿色照明
300029,绿色照明
300323,绿色照明
000032,绿色照明
300162,绿色照明
002402,绿色照明
002056,锂电池
601012,锂电池
600549,锂电池
600580,锂电池
002466,锂电池
601311,锂电池
002340,锂电池
000049,锂电池
000559,锂电池
000636,锂电池
600111,锂电池
002091,锂电池
600110,锂电池
600478,锂电池
300438,锂电池
002176,锂电池
000839,锂电池
600872,锂电池
600482,锂电池
000760,锂电池
600139,锂电池
002070,锂电池
600884,锂电池
000973,锂电池
600067,锂电池
000009,锂电池
002709,锂电池
002460,锂电池
600470,锂电池
000571,锂电池
002407,锂电池
600210,锂电池
600096,锂电池
002411,锂电池
002684,锂电池
002733,锂电池
300207,锂电池
300068,锂电池
002206,锂电池
300037,锂电池
002192,锂电池
600255,锂电池
000969,锂电池
002632,锂电池
600336,锂电池
002074,锂电池
000913,锂电池
002580,锂电池
300073,锂电池
002389,锂电池
600367,锂电池
600192,锂电池
600076,锂电池
000962,锂电池
600273,锂电池
002594,锂电池
002012,锂电池
600405,锂电池
300097,锂电池
002139,锂电池
002263,锂电池
000762,锂电池
600854,锂电池
600135,锂电池
000733,锂电池
002045,锂电池
002190,锂电池
002080,锂电池
600773,锂电池
300014,锂电池
600390,锂电池
002635,蓝宝石
002049,蓝宝石
300316,蓝宝石
002199,蓝宝石
002006,蓝宝石
600237,蓝宝石
000969,蓝宝石
600330,蓝宝石
002617,蓝宝石
300029,蓝宝石
002129,蓝宝石
002573,空气治理
000652,空气治理
300012,空气治理
600187,空气治理
300072,空气治理
000581,空气治理
600292,空气治理
002341,空气治理
300056,空气治理
600499,空气治理
002076,空气治理
000586,空气治理
002203,空气治理
300090,空气治理
600459,空气治理
601908,空气治理
002126,空气治理
000551,空气治理
300156,空气治理
002145,空气治理
300172,空气治理
300105,空气治理
600388,空气治理
300165,空气治理
002658,空气治理
300203,空气治理
000915,空气治理
300152,空气治理
600526,空气治理
600405,空气治理
000925,空气治理
300137,空气治理
002549,空气治理
002499,空气治理
300007,空气治理
300187,空气治理
300385,空气治理
600267,抗流感
600557,抗流感
000702,抗流感
600216,抗流感
000739,抗流感
601607,抗流感
000999,抗流感
300147,抗流感
002007,抗流感
600332,抗流感
600226,抗流感
600195,抗流感
002166,抗流感
002030,抗流感
300186,抗流感
002603,抗流感
600201,抗流感
002022,抗流感
600222,抗流感
600673,抗流感
600161,抗流感
002107,抗流感
600513,抗流感
600789,抗流感
002281,宽带提速
002194,宽带提速
600498,宽带提速
000063,宽带提速
002313,宽带提速
000890,宽带提速
300250,宽带提速
600522,宽带提速
002491,宽带提速
600487,宽带提速
002089,宽带提速
600345,宽带提速
002231,宽带提速
002396,宽带提速
002417,宽带提速
000070,宽带提速
600198,宽带提速
300244,基因芯片
002007,基因芯片
002030,基因芯片
600645,基因芯片
300216,基因芯片
600689,基因芯片
002642,基因芯片
600463,基因芯片
002118,基因芯片
300244,基因概念
600993,基因概念
002007,基因概念
300216,基因概念
600689,基因概念
600645,基因概念
002030,基因概念
300030,基因概念
002603,基因概念
002022,基因概念
002642,基因概念
600463,基因概念
300016,基因概念
300289,基因概念
600127,基因概念
300254,基因概念
600095,基因概念
300109,基因概念
002118,基因概念
600993,基因测序
300216,基因测序
002030,基因测序
600645,基因测序
002022,基因测序
002642,基因测序
300289,基因测序
600127,基因测序
002118,基因测序
600572,甲型流感
600062,甲型流感
000739,甲型流感
600085,甲型流感
002007,甲型流感
600195,甲型流感
600666,甲型流感
000513,甲型流感
600201,甲型流感
000597,甲型流感
600161,甲型流感
600513,甲型流感
000078,甲型流感
600400,金融改革
601515,金融改革
002653,金融改革
601678,金融改革
600851,金融改革
000900,金融改革
002250,金融改革
002375,金融改革
300079,金融改革
002285,金融改革
600572,金融改革
002344,金融改革
600787,金融改革
600611,金融改革
002277,金融改革
600064,金融改革
600535,金融改革
002624,金融改革
600777,金融改革
002575,金融改革
000626,金融改革
600767,金融改革
600533,金融改革
002600,金融改革
002183,金融改革
600614,金融改革
600872,金融改革
002418,金融改革
600143,金融改革
600305,金融改革
002245,金融改革
000415,金融改革
600119,金融改革
600070,金融改革
600606,金融改革
002126,金融改革
600491,金融改革
600120,金融改革
600327,金融改革
600527,金融改革
600596,金融改革
000061,金融改革
002404,金融改革
600237,金融改革
002560,金融改革
000828,金融改革
600113,金融改革
002280,金融改革
002120,金融改革
600330,金融改革
002178,金融改革
000735,金融改革
000421,金融改革
600095,金融改革
600728,金融改革
600679,金融改革
000419,金融改革
600784,金融改革
002522,金融改革
601567,金融改革
600012,金融改革
600415,金融改革
002552,金融改革
300178,金融改革
002208,金融改革
000592,金融改革
600211,金融改革
002615,金融改革
002133,金融改革
600773,金融改革
002634,金融改革
002131,金融改革
000058,金融改革
600830,金融改革
600018,金融参股
600208,金融参股
600170,金融参股
600823,金融参股
000039,金融参股
600389,金融参股
600507,金融参股
600655,金融参股
000612,金融参股
000563,金融参股
600851,金融参股
000900,金融参股
600325,金融参股
600580,金融参股
000652,金融参股
600755,金融参股
600510,金融参股
600380,金融参股
600004,金融参股
601999,金融参股
600750,金融参股
000702,金融参股
600056,金融参股
600079,金融参股
600066,金融参股
600196,金融参股
600787,金融参股
600611,金融参股
000625,金融参股
000685,金融参股
600221,金融参股
600741,金融参股
600639,金融参股
000021,金融参股
000581,金融参股
600059,金融参股
002277,金融参股
000568,金融参股
600064,金融参股
600068,金融参股
600054,金融参股
600292,金融参股
000559,金融参股
600642,金融参股
000060,金融参股
600571,金融参股
600498,金融参股
002309,金融参股
000063,金融参股
600518,金融参股
600101,金融参股
600826,金融参股
000979,金融参股
002111,金融参股
600739,金融参股
600736,金融参股
002094,金融参股
000996,金融参股
000990,金融参股
002091,金融参股
600191,金融参股
600107,金融参股
600682,金融参股
600593,金融参股
600689,金融参股
600866,金融参股
000540,金融参股
000541,金融参股
000626,金融参股
600106,金融参股
600900,金融参股
600291,金融参股
600166,金融参股
600652,金融参股
601018,金融参股
000756,金融参股
600654,金融参股
600811,金融参股
000748,金融参股
000712,金融参股
002392,金融参股
600153,金融参股
600141,金融参股
000720,金融参股
000917,金融参股
000513,金融参股
600530,金融参股
600754,金融参股
600332,金融参股
000850,金融参股
000553,金融参股
000876,金融参股
600165,金融参股
000878,金融参股
000826,金融参股
000543,金融参股
000538,金融参股
600884,金融参股
600177,金融参股
600108,金融参股
600125,金融参股
000623,金融参股
000988,金融参股
600651,金融参股
600005,金融参股
600487,金融参股
600067,金融参股
600635,金融参股
600197,金融参股
600119,金融参股
600070,金融参股
601107,金融参股
600812,金融参股
600865,金融参股
600116,金融参股
600469,金融参股
000663,金融参股
600122,金融参股
600483,金融参股
600606,金融参股
600649,金融参股
600467,金融参股
600302,金融参股
600350,金融参股
600120,金融参股
600327,金融参股
600252,金融参股
000430,金融参股
000551,金融参股
600644,金融参股
600638,金融参股
000573,金融参股
600020,金融参股
600222,金融参股
601188,金融参股
600622,金融参股
000615,金融参股
000159,金融参股
600888,金融参股
000928,金融参股
600596,金融参股
000788,金融参股
600623,金融参股
600269,金融参股
000031,金融参股
600704,金融参股
000533,金融参股
600475,金融参股
600128,金融参股
600098,金融参股
600896,金融参股
000897,金融参股
600249,金融参股
000705,金融参股
000530,金融参股
600500,金融参股
600121,金融参股
600401,金融参股
000918,金融参股
000751,金融参股
600695,金融参股
000510,金融参股
600145,金融参股
600802,金融参股
600382,金融参股
000155,金融参股
600266,金融参股
600725,金融参股
600881,金融参股
600857,金融参股
600505,金融参股
000713,金融参股
000564,金融参股
600113,金融参股
600331,金融参股
600175,金融参股
000570,金融参股
000010,金融参股
600785,金融参股
600084,金融参股
600278,金融参股
000547,金融参股
000627,金融参股
000791,金融参股
600310,金融参股
000407,金融参股
600273,金融参股
600360,金融参股
600129,金融参股
600228,金融参股
600288,金融参股
600095,金融参股
600103,金融参股
600675,金融参股
000666,金融参股
600231,金融参股
600395,金融参股
600260,金融参股
600476,金融参股
002321,金融参股
000419,金融参股
600621,金融参股
600981,金融参股
600063,金融参股
000027,金融参股
600604,金融参股
600726,金融参股
600052,金融参股
000821,金融参股
000158,金融参股
600415,金融参股
600452,金融参股
002021,金融参股
000584,金融参股
601158,金融参股
000678,金融参股
600151,金融参股
600229,金融参股
600877,金融参股
600171,金融参股
000755,金融参股
000505,金融参股
600287,金融参股
600744,金融参股
600815,金融参股
600149,金融参股
600135,金融参股
002269,金融参股
000628,金融参股
600677,金融参股
000733,金融参股
000930,金融参股
000936,金融参股
600838,金融参股
000953,金融参股
000565,金融参股
000768,金融参股
600136,金融参股
600773,金融参股
600156,金融参股
600200,金融参股
000920,金融参股
600133,金融参股
000687,金融参股
600592,金融参股
600339,金融参股
600747,金融参股
600874,节能环保
002672,节能环保
000900,节能环保
002573,节能环保
002249,节能环保
300070,节能环保
300012,节能环保
600261,节能环保
000685,节能环保
300072,节能环保
002140,节能环保
002408,节能环保
300124,节能环保
600864,节能环保
300055,节能环保
600008,节能环保
002233,节能环保
300332,节能环保
600571,节能环保
000100,节能环保
000598,节能环保
002665,节能环保
600165,节能环保
600872,节能环保
002421,节能环保
600378,节能环保
300262,节能环保
600212,节能环保
300056,节能环保
002256,节能环保
002645,节能环保
300197,节能环保
300190,节能环保
600566,节能环保
601388,节能环保
002111,节能环保
300266,节能环保
300272,节能环保
002015,节能环保
000939,节能环保
002092,节能环保
002076,节能环保
002306,节能环保
002368,节能环保
300263,节能环保
300343,节能环保
000813,节能环保
000826,节能环保
000544,节能环保
600517,节能环保
002479,节能环保
300334,节能环保
300355,节能环保
600586,节能环保
002379,节能环保
002407,节能环保
002616,节能环保
600649,节能环保
000811,节能环保
000551,节能环保
300156,节能环保
300145,节能环保
002255,节能环保
002366,节能环保
000404,节能环保
600475,节能环保
300102,节能环保
300172,节能环保
300105,节能环保
600303,节能环保
600388,节能环保
000682,节能环保
000903,节能环保
600792,节能环保
002469,节能环保
002613,节能环保
300165,节能环保
002200,节能环保
000619,节能环保
300203,节能环保
600363,节能环保
002630,节能环保
300153,节能环保
600846,节能环保
002088,节能环保
002130,节能环保
000915,节能环保
300152,节能环保
600526,节能环保
601608,节能环保
002380,节能环保
000027,节能环保
300232,节能环保
300137,节能环保
600268,节能环保
300249,节能环保
002499,节能环保
002611,节能环保
600855,节能环保
300007,节能环保
300293,节能环保
300187,节能环保
002529,节能环保
300257,节能环保
002591,节能环保
002163,节能环保
600133,节能环保
600011,基金重仓
600208,基金重仓
601288,基金重仓
002385,基金重仓
600267,基金重仓
600016,基金重仓
002250,基金重仓
002375,基金重仓
002001,基金重仓
600199,基金重仓
601088,基金重仓
600557,基金重仓
000895,基金重仓
002422,基金重仓
600694,基金重仓
601633,基金重仓
300070,基金重仓
601328,基金重仓
002024,基金重仓
600809,基金重仓
600104,基金重仓
002236,基金重仓
002241,基金重仓
600079,基金重仓
600066,基金重仓
600690,基金重仓
000625,基金重仓
000001,基金重仓
601699,基金重仓
600062,基金重仓
600741,基金重仓
600521,基金重仓
000581,基金重仓
002065,基金重仓
002304,基金重仓
002081,基金重仓
002051,基金重仓
600594,基金重仓
000568,基金重仓
601628,基金重仓
000776,基金重仓
601117,基金重仓
600795,基金重仓
000028,基金重仓
002029,基金重仓
600309,基金重仓
601601,基金重仓
600535,基金重仓
000999,基金重仓
000069,基金重仓
600111,基金重仓
600315,基金重仓
000063,基金重仓
600703,基金重仓
600585,基金重仓
601668,基金重仓
600518,基金重仓
600519,基金重仓
000423,基金重仓
000799,基金重仓
000630,基金重仓
002415,基金重仓
000858,基金重仓
002310,基金重仓
000024,基金重仓
600886,基金重仓
000826,基金重仓
000002,基金重仓
000538,基金重仓
600060,基金重仓
600036,基金重仓
601318,基金重仓
002230,基金重仓
601166,基金重仓
600256,基金重仓
002038,基金重仓
600048,基金重仓
600887,基金重仓
600276,基金重仓
600837,基金重仓
600406,基金重仓
000651,基金重仓
002063,基金重仓
600030,基金重仓
600050,基金重仓
002450,基金重仓
600000,基金重仓
600570,基金重仓
600123,基金重仓
600028,基金重仓
601006,基金重仓
000963,基金重仓
601857,基金重仓
600266,基金重仓
600547,基金重仓
600702,基金重仓
000157,基金重仓
600383,基金重仓
000401,京津冀
000848,京津冀
600657,京津冀
601992,京津冀
601633,京津冀
600787,京津冀
002146,京津冀
600240,京津冀
600340,京津冀
600717,京津冀
300371,京津冀
600155,京津冀
600482,京津冀
600743,京津冀
600246,京津冀
002442,京津冀
300107,京津冀
002342,京津冀
000965,京津冀
600722,京津冀
600322,京津冀
000897,京津冀
002282,京津冀
002691,京津冀
600463,京津冀
600266,京津冀
600159,京津冀
601000,京津冀
600751,京津冀
000856,京津冀
300034,京津冀
000537,京津冀
600230,京津冀
000797,京津冀
600225,京津冀
000638,京津冀
300137,京津冀
600135,京津冀
600149,京津冀
600480,京津冀
000923,京津冀
600158,京津冀
600376,京津冀
000687,京津冀
002049,军工航天
601208,军工航天
000625,军工航天
002065,军工航天
002309,军工航天
300324,军工航天
600072,军工航天
000901,军工航天
000806,军工航天
002544,军工航天
002265,军工航天
002303,军工航天
300010,军工航天
300028,军工航天
002151,军工航天
002111,军工航天
002214,军工航天
002308,军工航天
000595,军工航天
002368,军工航天
600565,军工航天
600590,军工航天
600879,军工航天
600990,军工航天
002413,军工航天
000519,军工航天
600967,军工航天
000748,军工航天
002414,军工航天
600482,军工航天
600271,军工航天
600150,军工航天
600353,军工航天
300024,军工航天
600456,军工航天
002300,军工航天
600100,军工航天
002465,军工航天
600038,军工航天
600372,军工航天
601989,军工航天
300342,军工航天
002501,军工航天
300046,军工航天
002231,军工航天
600893,军工航天
000059,军工航天
600850,军工航天
002179,军工航天
000026,军工航天
002297,军工航天
002724,军工航天
000050,军工航天
600363,军工航天
600178,军工航天
000547,军工航天
002046,军工航天
300185,军工航天
002036,军工航天
300034,军工航天
002013,军工航天
600330,军工航天
000777,军工航天
002590,军工航天
000099,军工航天
300395,军工航天
002023,军工航天
002519,军工航天
300354,军工航天
002025,军工航天
600495,军工航天
002253,军工航天
600562,军工航天
002669,军工航天
002338,军工航天
002446,军工航天
002339,军工航天
002276,军工航天
601118,军工航天
600698,军工航天
600262,军工航天
600862,军工航天
600151,军工航天
600877,军工航天
300045,军工航天
000065,军工航天
600685,军工航天
600480,军工航天
000733,军工航天
600501,军工航天
600765,军工航天
300065,军工航天
600148,军工航天
600677,军工航天
601718,军工航天
600391,军工航天
600855,军工航天
000070,军工航天
002576,军工航天
600343,军工航天
002268,军工航天
600184,军工航天
600118,军工航天
300114,军工航天
300397,军工航天
300297,军工航天
600839,军工航天
300159,军工航天
000561,军工航天
600316,军工航天
600435,军工航天
600399,军工航天
000801,军工航天
000768,军工航天
300053,军工航天
002190,军工航天
300101,军工航天
000710,军工航天
000977,军工航天
000738,军工航天
300337,军工航天
600760,军工航天
300252,军工航天
002405,军工航天
600523,军工航天
300229,军工航天
000687,军工航天
002423,军工航天
600592,军工航天
002254,聚氨酯
601678,聚氨酯
002408,聚氨酯
600426,聚氨酯
600309,聚氨酯
300343,聚氨酯
002409,聚氨酯
000818,聚氨酯
002014,聚氨酯
002165,聚氨酯
000973,聚氨酯
600096,聚氨酯
600618,聚氨酯
000611,聚氨酯
000912,聚氨酯
002246,聚氨酯
600810,聚氨酯
600299,聚氨酯
600230,聚氨酯
000584,聚氨酯
000949,聚氨酯
000755,聚氨酯
600339,聚氨酯
002061,聚氨酯
600485,IPV6概念
300017,IPV6概念
300113,IPV6概念
002095,IPV6概念
600498,IPV6概念
000063,IPV6概念
000851,IPV6概念
002544,IPV6概念
000890,IPV6概念
002089,IPV6概念
600122,IPV6概念
000938,IPV6概念
002396,IPV6概念
300047,IPV6概念
600728,IPV6概念
600770,IPV6概念
002268,IPV6概念
600410,IPV6概念
002439,IPV6概念
600198,IPV6概念
600797,IPV6概念
000532,IPV6概念
300051,IPV6概念
600755,海峡西岸
600563,海峡西岸
600660,海峡西岸
002029,海峡西岸
000997,海峡西岸
601933,海峡西岸
002235,海峡西岸
002110,海峡西岸
002228,海峡西岸
002474,海峡西岸
300056,海峡西岸
002702,海峡西岸
300096,海峡西岸
300062,海峡西岸
002639,海峡西岸
600153,海峡西岸
300198,海峡西岸
300299,海峡西岸
002070,海峡西岸
000753,海峡西岸
600734,海峡西岸
002102,海峡西岸
600436,海峡西岸
000671,海峡西岸
601377,海峡西岸
600067,海峡西岸
601566,海峡西岸
300174,海峡西岸
600203,海峡西岸
000663,海峡西岸
600483,海峡西岸
600033,海峡西岸
600693,海峡西岸
002398,海峡西岸
600057,海峡西岸
300102,海峡西岸
002578,海峡西岸
002396,海峡西岸
300132,海峡西岸
002626,海峡西岸
600388,海峡西岸
000732,海峡西岸
600163,海峡西岸
002417,海峡西岸
600802,海峡西岸
002674,海峡西岸
000526,海峡西岸
000701,海峡西岸
002679,海峡西岸
600711,海峡西岸
000632,海峡西岸
000905,海峡西岸
600897,海峡西岸
000547,海峡西岸
002222,海峡西岸
002264,海峡西岸
002614,海峡西岸
600686,海峡西岸
002229,海峡西岸
300341,海峡西岸
600103,海峡西岸
002509,海峡西岸
000536,海峡西岸
002093,海峡西岸
002098,海峡西岸
000797,海峡西岸
000592,海峡西岸
002517,海峡西岸
600815,海峡西岸
300188,海峡西岸
002593,海峡西岸
002529,海峡西岸
002682,海峡西岸
300051,海峡西岸
600493,海峡西岸
600592,海峡西岸
000993,海峡西岸
000582,海上丝路
600717,海上丝路
600798,海上丝路
600242,海上丝路
600428,海上丝路
600515,海上丝路
002040,海上丝路
600017,海上丝路
601866,海上丝路
601018,海上丝路
000022,海上丝路
000415,海上丝路
000507,海上丝路
600368,海上丝路
600712,海上丝路
601880,海上丝路
000905,海上丝路
601008,海上丝路
000911,海上丝路
601216,互联金融
002095,互联金融
002024,互联金融
300033,互联金融
600291,互联金融
600446,互联金融
002711,互联金融
600177,互联金融
300059,互联金融
600112,互联金融
601519,互联金融
600570,互联金融
000159,互联金融
000062,互联金融
600082,互联金融
600415,互联金融
300178,互联金融
002268,互联金融
000729,含可转债
600016,含可转债
601727,含可转债
002241,含可转债
600481,含可转债
002408,含可转债
600362,含可转债
002065,含可转债
603993,含可转债
600798,含可转债
601929,含可转债
600356,含可转债
601139,含可转债
002491,含可转债
002521,含可转债
000089,含可转债
600185,含可转债
600839,含可转债
002237,黄金概念
002155,黄金概念
600687,黄金概念
600490,黄金概念
600385,黄金概念
002721,黄金概念
002574,黄金概念
002345,黄金概念
000587,黄金概念
600988,黄金概念
600766,黄金概念
601899,黄金概念
600824,黄金概念
600612,黄金概念
600086,黄金概念
600311,黄金概念
600711,黄金概念
600531,黄金概念
600547,黄金概念
002731,黄金概念
600489,黄金概念
601069,黄金概念
002716,黄金概念
600891,黄金概念
600807,黄金概念
002355,黄河三角
002588,黄河三角
002595,黄河三角
002254,黄河三角
002598,黄河三角
601678,黄河三角
002041,黄河三角
000869,黄河三角
002470,黄河三角
000726,黄河三角
002408,黄河三角
600426,黄河三角
000739,黄河三角
002376,黄河三角
600783,黄河三角
601058,黄河三角
600309,黄河三角
600587,黄河三角
002382,黄河三角
002481,黄河三角
002655,黄河三角
600882,黄河三角
000756,黄河三角
002671,黄河三角
002545,黄河三角
000677,黄河三角
002589,黄河三角
002643,黄河三角
002604,黄河三角
002537,黄河三角
300099,黄河三角
600319,黄河三角
002353,黄河三角
002072,黄河三角
002217,黄河三角
600448,黄河三角
600529,黄河三角
600735,黄河三角
300110,黄河三角
600777,黄河三角
300343,黄河三角
600180,黄河三角
002485,黄河三角
002675,黄河三角
603167,黄河三角
002521,黄河三角
300285,黄河三角
002083,黄河三角
600966,黄河三角
600766,黄河三角
600308,黄河三角
600586,黄河三角
300233,黄河三角
300183,黄河三角
002242,黄河三角
002379,黄河三角
300214,黄河三角
300321,黄河三角
000811,黄河三角
300121,黄河三角
300308,黄河三角
300243,黄河三角
000822,黄河三角
300105,黄河三角
000682,黄河三角
300224,黄河三角
002469,黄河三角
300237,黄河三角
300175,黄河三角
002580,黄河三角
600223,黄河三角
600960,黄河三角
300185,黄河三角
002359,黄河三角
600076,黄河三角
002270,黄河三角
002107,黄河三角
000639,黄河三角
002490,黄河三角
002498,黄河三角
002526,黄河三角
600784,黄河三角
002458,黄河三角
600986,黄河三角
002086,黄河三角
002374,黄河三角
600898,黄河三角
002476,黄河三角
600789,黄河三角
000506,黄河三角
002581,黄河三角
000655,黄河三角
300208,黄河三角
000416,黄河三角
002363,黄河三角
601398,含H股
600188,含H股
000898,含H股
601800,含H股
600011,含H股
601991,含H股
600874,含H股
601111,含H股
601288,含H股
002672,含H股
000039,含H股
000488,含H股
601939,含H股
000338,含H股
601988,含H股
600115,含H股
601186,含H股
601992,含H股
600016,含H股
601727,含H股
601808,含H股
601088,含H股
601390,含H股
600688,含H股
600027,含H股
601633,含H股
601328,含H股
600660,含H股
600196,含H股
601818,含H股
600362,含H股
601607,含H股
603993,含H股
600600,含H股
601628,含H股
601333,含H股
601601,含H股
600875,含H股
600029,含H股
002202,含H股
000063,含H股
600585,含H股
601766,含H股
601919,含H股
601866,含H股
600332,含H股
000756,含H股
601238,含H股
000513,含H股
600806,含H股
600860,含H股
600026,含H股
601618,含H股
601005,含H股
000002,含H股
600036,含H股
601318,含H股
600837,含H股
601336,含H股
600377,含H股
600030,含H股
601107,含H股
601899,含H股
601998,含H股
600548,含H股
600028,含H股
600808,含H股
601857,含H股
601880,含H股
601717,含H股
000157,含H股
601038,含H股
601588,含H股
002594,含H股
002490,含H股
600871,含H股
000666,含H股
000585,含H股
601600,含H股
600012,含H股
600775,含H股
600685,含H股
601898,含H股
002703,含H股
600876,含H股
000039,海工装备
600019,海工装备
601808,海工装备
300008,海工装备
002353,海工装备
002608,海工装备
002445,海工装备
600072,海工装备
002278,海工装备
002151,海工装备
600428,海工装备
600522,海工装备
600150,海工装备
600583,海工装备
002483,海工装备
002342,海工装备
601989,海工装备
300217,海工装备
300177,海工装备
000099,海工装备
002490,海工装备
600320,海工装备
300023,海工装备
300084,海工装备
600685,海工装备
000852,海工装备
601890,海工装备
300065,海工装备
002314,海工装备
300337,海工装备
002318,海工装备
002423,海工装备
601369,核电核能
603699,核电核能
002011,核电核能
603169,核电核能
601727,核电核能
000883,核电核能
601179,核电核能
600292,核电核能
600642,核电核能
600875,核电核能
300411,核电核能
002438,核电核能
600226,核电核能
600202,核电核能
002248,核电核能
002212,核电核能
600089,核电核能
002534,核电核能
000899,核电核能
600550,核电核能
600622,核电核能
002478,核电核能
002255,核电核能
600269,核电核能
002366,核电核能
600328,核电核能
002167,核电核能
300092,核电核能
600516,核电核能
603100,核电核能
300153,核电核能
000777,核电核能
600973,核电核能
002130,核电核能
600558,核电核能
000922,核电核能
600848,核电核能
002364,核电核能
002058,核电核能
000967,核电核能
603308,核电核能
601106,核电核能
300004,核电核能
600416,核电核能
002266,核电核能
002227,核电核能
002318,核电核能
000825,核电核能
000993,核电核能
000550,含B股
600650,含B股
600801,含B股
600648,含B股
600617,含B股
000488,含B股
000030,含B股
600851,含B股
600827,含B股
600663,含B股
000418,含B股
000869,含B股
000726,含B股
600611,含B股
000625,含B股
600221,含B股
600639,含B股
000581,含B股
000028,含B股
600054,含B股
600818,含B股
600835,含B股
000596,含B股
000553,含B股
600555,含B股
600610,含B股
000541,含B股
000024,含B股
600754,含B股
600689,含B股
600614,含B股
000022,含B股
000016,含B股
000613,含B股
600841,含B股
000413,含B股
000521,含B股
000725,含B股
000761,含B股
000056,含B股
600819,含B股
600295,含B股
000045,含B股
600190,含B股
600776,含B股
600619,含B股
600844,含B股
000029,含B股
600623,含B股
000429,含B股
000012,含B股
600618,含B股
000530,含B股
000055,含B股
600695,含B股
600612,含B股
600843,含B股
000026,含B股
000019,含B股
000570,含B股
600751,含B股
600094,含B股
000011,含B股
600822,含B股
000018,含B股
000017,含B股
600845,含B股
600848,含B股
600320,含B股
600602,含B股
600679,含B股
000037,含B股
600604,含B股
600613,含B股
600726,含B股
600272,含B股
600698,含B股
000505,含B股
600680,含B股
000025,含B股
000020,含B股
000058,含B股
000039,广东自贸
600325,广东自贸
600004,广东自贸
000659,广东自贸
000022,广东自贸
000513,广东自贸
600143,广东自贸
000531,广东自贸
000507,广东自贸
000429,广东自贸
000523,广东自贸
002461,广东自贸
600685,广东自贸
000014,广东自贸
300161,高校背景
002030,高校背景
600530,高校背景
000590,高校背景
000990,高校背景
000988,高校背景
600100,高校背景
300334,高校背景
000788,高校背景
000938,高校背景
600857,高校背景
002297,高校背景
600701,高校背景
600846,高校背景
600601,高校背景
600624,高校背景
600661,高校背景
000915,高校背景
300205,高校背景
600730,高校背景
600797,高校背景
300274,股权激励
300144,股权激励
000921,股权激励
002387,股权激励
002034,股权激励
600208,股权激励
600801,股权激励
002225,股权激励
600823,股权激励
000039,股权激励
002153,股权激励
002273,股权激励
002293,股权激励
300043,股权激励
600507,股权激励
002004,股权激励
002311,股权激励
002271,股权激励
000961,股权激励
603766,股权激励
000612,股权激励
002011,股权激励
300015,股权激励
601777,股权激励
002385,股权激励
600337,股权激励
002250,股权激励
002375,股权激励
300079,股权激励
601311,股权激励
601208,股权激励
300017,股权激励
300002,股权激励
002281,股权激励
000572,股权激励
600496,股权激励
002327,股权激励
002373,股权激励
300070,股权激励
300012,股权激励
300244,股权激励
600422,股权激励
002236,股权激励
002241,股权激励
600079,股权激励
600066,股权激励
600690,股权激励
601799,股权激励
600521,股权激励
002146,股权激励
002277,股权激励
002065,股权激励
002195,股权激励
002081,股权激励
600594,股权激励
000568,股权激励
300124,股权激励
002482,股权激励
002029,股权激励
600240,股权激励
600571,股权激励
000100,股权激励
002032,股权激励
002028,股权激励
600498,股权激励
002372,股权激励
600315,股权激励
600976,股权激励
300146,股权激励
300147,股权激励
000063,股权激励
002007,股权激励
300066,股权激励
601766,股权激励
601126,股权激励
300027,股权激励
002426,股权激励
300028,股权激励
002421,股权激励
002399,股权激励
002415,股权激励
002528,股权激励
002535,股权激励
002537,股权激励
002452,股权激励
002431,股权激励
002527,股权激励
002436,股权激励
300010,股权激励
300011,股权激励
002596,股权激励
002654,股权激励
300008,股权激励
300301,股权激励
300299,股权激励
600180,股权激励
300353,股权激励
300263,股权激励
300262,股权激励
300296,股权激励
300272,股权激励
601616,股权激励
600978,股权激励
603128,股权激励
601877,股权激励
600446,股权激励
600289,股权激励
600804,股权激励
600499,股权激励
300216,股权激励
300094,股权激励
300064,股权激励
300116,股权激励
300110,股权激励
300052,股权激励
300031,股权激励
300062,股权激励
300058,股权激励
300190,股权激励
300170,股权激励
300198,股权激励
300197,股权激励
300131,股权激励
300123,股权激励
300169,股权激励
300142,股权激励
002306,股权激励
002308,股权激励
002310,股权激励
002301,股权激励
002030,股权激励
002014,股权激励
002003,股权激励
002313,股权激励
000650,股权激励
000566,股权激励
002325,股权激励
000893,股权激励
000818,股权激励
002333,股权激励
002176,股权激励
002091,股权激励
000534,股权激励
002147,股权激励
002121,股权激励
002174,股权激励
002183,股权激励
002345,股权激励
002079,股权激励
002069,股权激励
002219,股权激励
002090,股权激励
000540,股权激励
000826,股权激励
300236,股权激励
000002,股权激励
002078,股权激励
300119,股权激励
600060,股权激励
600597,股权激励
300059,股权激励
002221,股权激励
600588,股权激励
600114,股权激励
600108,股权激励
300186,股权激励
002165,股权激励
002230,股权激励
000671,股权激励
002479,股权激励
002572,股权激励
601139,股权激励
600048,股权激励
002491,股权激励
300284,股权激励
300098,股权激励
002603,股权激励
600276,股权激励
600067,股权激励
002391,股权激励
000009,股权激励
002521,股权激励
300285,股权激励
601566,股权激励
002213,股权激励
300107,股权激励
002172,股权激励
002063,股权激励
002567,股权激励
300240,股权激励
002450,股权激励
600077,股权激励
300095,股权激励
300183,股权激励
002089,股权激励
002460,股权激励
300204,股权激励
002541,股权激励
600122,股权激励
300009,股权激励
300138,股权激励
601700,股权激励
002587,股权激励
002407,股权激励
601908,股权激励
002126,股权激励
600285,股权激励
600570,股权激励
002548,股权激励
002138,股权激励
002324,股权激励
300117,股权激励
600776,股权激励
600051,股权激励
300122,股权激励
300121,股权激励
300156,股权激励
002334,股权激励
300145,股权激励
002042,股权激励
300286,股权激励
002411,股权激励
002305,股权激励
002255,股权激励
002154,股权激励
300133,股权激励
002099,股权激励
601313,股权激励
300298,股权激励
300218,股权激励
002008,股权激励
600345,股权激励
300243,股权激励
300271,股权激励
300013,股权激励
002518,股权激励
002218,股权激励
300086,股权激励
002279,股权激励
300182,股权激励
300068,股权激励
002601,股权激励
002173,股权激励
600388,股权激励
002429,股权激励
002116,股权激励
002054,股权激励
002674,股权激励
002167,股权激励
002117,股权激励
002337,股权激励
002495,股权激励
002496,股权激励
000667,股权激励
300177,股权激励
300126,股权激励
002660,股权激励
600175,股权激励
300241,股权激励
002322,股权激励
002580,股权激励
002477,股权激励
300073,股权激励
002389,股权激励
300166,股权激励
300141,股权激励
601028,股权激励
002397,股权激励
600290,股权激励
300306,股权激励
300054,股权激励
002124,股权激励
000157,股权激励
300005,股权激励
300075,股权激励
002290,股权激励
300020,股权激励
600582,股权激励
002264,股权激励
300201,股权激励
600183,股权激励
600031,股权激励
600973,股权激励
002215,股权激励
002130,股权激励
300025,股权激励
300047,股权激励
002583,股权激励
300253,股权激励
002609,股权激励
002695,股权激励
002364,股权激励
600354,股权激励
300136,股权激励
002416,股权激励
300152,股权激励
002519,股权激励
300155,股权激励
002350,股权激励
002170,股权激励
300097,股权激励
000523,股权激励
002139,股权激励
000925,股权激励
002098,股权激励
300245,股权激励
002177,股权激励
300232,股权激励
300330,股权激励
300083,股权激励
300228,股权激励
300004,股权激励
300178,股权激励
300044,股权激励
002161,股权激励
300045,股权激励
601636,股权激励
002383,股权激励
002312,股权激励
300213,股权激励
300104,股权激励
002031,股权激励
002269,股权激励
300168,股权激励
002367,股权激励
300007,股权激励
002611,股权激励
300275,股权激励
002335,股权激励
002266,股权激励
002055,股权激励
002169,股权激励
000561,股权激励
300038,股权激励
300114,股权激励
300208,股权激励
600410,股权激励
002227,股权激励
300085,股权激励
000560,股权激励
300252,股权激励
300195,股权激励
300120,股权激励
300128,股权激励
600381,股权激励
002591,股权激励
300229,股权激励
300014,股权激励
300051,股权激励
002298,股权激励
002226,股权激励
002084,股权激励
000783,股期概念
600755,股期概念
000060,股期概念
000996,股期概念
000878,股期概念
600107,股期概念
000686,股期概念
000728,股期概念
600030,股期概念
000430,股期概念
000573,股期概念
600638,股期概念
000031,股期概念
600704,股期概念
600128,股期概念
000897,股期概念
600500,股期概念
600109,股期概念
600331,股期概念
000010,股期概念
600084,股期概念
000791,股期概念
600288,股期概念
600287,股期概念
000628,股期概念
000930,股期概念
002672,固废处理
000900,固废处理
601992,固废处理
000652,固废处理
002340,固废处理
600864,固废处理
600292,固废处理
002645,固废处理
002015,固废处理
300190,固废处理
000939,固废处理
000826,固废处理
300090,固废处理
002479,固废处理
603588,固废处理
600459,固废处理
600116,固废处理
600323,固废处理
002616,固废处理
600649,固废处理
600475,固废处理
300172,固废处理
600098,固废处理
600724,固废处理
600247,固废处理
600531,固废处理
000407,固废处理
000027,固废处理
600726,固废处理
600545,固废处理
600133,固废处理
000532,固废处理
002065,国产软件
002195,国产软件
600718,国产软件
300352,国产软件
002368,国产软件
002474,国产软件
600588,国产软件
300271,国产软件
002279,国产软件
300290,国产软件
300339,国产软件
600536,国产软件
600845,国产软件
300253,国产软件
600476,国产软件
300036,国产软件
002657,国产软件
600410,国产软件
600756,国产软件
000977,国产软件
300302,国产软件
600797,国产软件
300197,风沙治理
002259,风沙治理
601996,风沙治理
600277,风沙治理
300355,风沙治理
000663,风沙治理
600265,风沙治理
002679,风沙治理
600963,风沙治理
300021,风沙治理
000592,风沙治理
000039,分拆上市
000652,分拆上市
600572,分拆上市
600138,分拆上市
600027,分拆上市
600196,分拆上市
000021,分拆上市
600895,分拆上市
000661,分拆上市
600795,分拆上市
600718,分拆上市
000931,分拆上市
600085,分拆上市
000063,分拆上市
600826,分拆上市
600739,分拆上市
600352,分拆上市
002010,分拆上市
600525,分拆上市
600900,分拆上市
002091,分拆上市
000676,分拆上市
000917,分拆上市
000040,分拆上市
000839,分拆上市
600258,分拆上市
000990,分拆上市
600884,分拆上市
600790,分拆上市
000988,分拆上市
600867,分拆上市
002038,分拆上市
600635,分拆上市
600100,分拆上市
000009,分拆上市
600880,分拆上市
002101,分拆上市
600812,分拆上市
000551,分拆上市
000062,分拆上市
600096,分拆上市
600596,分拆上市
002008,分拆上市
000938,分拆上市
000682,分拆上市
002054,分拆上市
600266,分拆上市
600169,分拆上市
000301,分拆上市
000701,分拆上市
002123,分拆上市
000428,分拆上市
600330,分拆上市
600288,分拆上市
000915,分拆上市
600770,分拆上市
000503,分拆上市
600797,分拆上市
002104,电子支付
002049,电子支付
002095,电子支付
300333,电子支付
300130,电子支付
600571,电子支付
000997,电子支付
002156,电子支付
600289,电子支付
300096,电子支付
000851,电子支付
000748,电子支付
600271,电子支付
600112,电子支付
002138,电子支付
002152,电子支付
002396,电子支付
002017,电子支付
002117,电子支付
000701,电子支付
300359,电子支付
600584,电子支付
002197,电子支付
300077,电子支付
002119,电子支付
002609,电子支付
600800,电子支付
300205,电子支付
002177,电子支付
300178,电子支付
600680,电子支付
600764,电子支付
300188,电子支付
002268,电子支付
600410,电子支付
600198,电子支付
000032,电子支付
000948,电子支付
600797,电子支付
000739,东亚自贸
002376,东亚自贸
600735,东亚自贸
002537,东亚自贸
002545,东亚自贸
600017,东亚自贸
300110,东亚自贸
000679,东亚自贸
600798,东亚自贸
002094,东亚自贸
000881,东亚自贸
603167,东亚自贸
002621,东亚自贸
300183,东亚自贸
600190,东亚自贸
600350,东亚自贸
600241,东亚自贸
601880,东亚自贸
000599,东亚自贸
601000,东亚自贸
601008,东亚自贸
002498,东亚自贸
600317,东亚自贸
600229,东亚自贸
300001,东亚自贸
300208,东亚自贸
000416,东亚自贸
600011,低碳经济
601991,低碳经济
002056,低碳经济
002011,低碳经济
600010,低碳经济
601727,低碳经济
000652,低碳经济
600509,低碳经济
600261,低碳经济
600348,低碳经济
600366,低碳经济
600426,低碳经济
600292,低碳经济
600309,低碳经济
000970,低碳经济
600875,低碳经济
002028,低碳经济
002202,低碳经济
600863,低碳经济
600585,低碳经济
600202,低碳经济
601005,低碳经济
600499,低碳经济
600392,低碳经济
600590,低碳经济
000786,低碳经济
000601,低碳经济
002076,低碳经济
002091,低碳经济
000839,低碳经济
000697,低碳经济
000541,低碳经济
000826,低碳经济
600884,低碳经济
600720,低碳经济
600112,低碳经济
002009,低碳经济
600089,低碳经济
000973,低碳经济
000009,低碳经济
002083,低碳经济
600586,低碳经济
600423,低碳经济
600569,低碳经济
000932,低碳经济
600649,低碳经济
600123,低碳经济
600550,低碳经济
600644,低碳经济
600131,低碳经济
002255,低碳经济
000012,低碳经济
000862,低碳经济
600475,低碳经济
002145,低碳经济
600740,低碳经济
600388,低碳经济
600022,低碳经济
000155,低碳经济
600725,低碳经济
000969,低碳经济
600792,低碳经济
600282,低碳经济
000619,低碳经济
600396,低碳经济
600290,低碳经济
600578,低碳经济
002123,低碳经济
600636,低碳经济
002088,低碳经济
600360,低碳经济
600848,低碳经济
601958,低碳经济
600419,低碳经济
600160,低碳经济
600151,低碳经济
601666,低碳经济
000755,低碳经济
000833,低碳经济
601898,低碳经济
002169,低碳经济
600416,低碳经济
002227,低碳经济
600970,低碳经济
600170,迪士尼
600009,迪士尼
600648,迪士尼
600655,迪士尼
600827,迪士尼
600663,迪士尼
600836,迪士尼
600115,迪士尼
600284,迪士尼
600611,迪士尼
600741,迪士尼
600639,迪士尼
600895,迪士尼
600662,迪士尼
600818,迪士尼
600732,迪士尼
600754,迪士尼
002162,迪士尼
600708,迪士尼
600676,迪士尼
600834,迪士尼
600628,迪士尼
600278,迪士尼
600692,迪士尼
600675,迪士尼
002315,电商概念
300017,电商概念
600869,电商概念
002095,电商概念
000851,电商概念
600180,电商概念
600446,电商概念
002711,电商概念
300184,电商概念
300295,电商概念
600570,电商概念
002017,电商概念
600845,电商概念
600415,电商概念
000503,电商概念
600481,地热能
002468,地热能
300263,地热能
002413,地热能
600100,地热能
000811,地热能
600619,地热能
002158,地热能
000404,地热能
000530,地热能
601608,地热能
002084,地热能
601012,多晶硅
300316,多晶硅
600089,多晶硅
002083,多晶硅
600295,多晶硅
600438,多晶硅
600550,多晶硅
600644,多晶硅
002006,多晶硅
600131,多晶硅
000012,多晶硅
002218,多晶硅
600206,多晶硅
600151,多晶硅
600220,多晶硅
300029,多晶硅
002506,多晶硅
601098,长株潭
000900,长株潭
300015,长株潭
300267,长株潭
002251,长株潭
000702,长株潭
002277,长株潭
601901,长株潭
000908,长株潭
002155,长株潭
000590,长株潭
002097,长株潭
300216,长株潭
300123,长株潭
300148,长株潭
002412,长株潭
002452,长株潭
000799,长株潭
000917,长株潭
600478,长株潭
000748,长株潭
600257,长株潭
002567,长株潭
600458,长株潭
000932,长株潭
002661,长株潭
600599,长株潭
600969,长株潭
000430,长株潭
002523,长株潭
300035,长株潭
002650,长株潭
300298,长株潭
000998,长株潭
002533,长株潭
000918,长株潭
600731,长株潭
300268,长株潭
002505,长株潭
002297,长株潭
600963,长株潭
002397,长株潭
600127,长株潭
000157,长株潭
000989,长株潭
000428,长株潭
300338,长株潭
600975,长株潭
600031,长株潭
002096,长株潭
600961,长株潭
600476,长株潭
000419,长株潭
002125,长株潭
002261,长株潭
000722,长株潭
000548,长株潭
601636,长株潭
600744,长株潭
002549,长株潭
600479,长株潭
600416,长株潭
300345,长株潭
000819,长株潭
600156,长株潭
300187,长株潭
000738,长株潭
000906,长株潭
600390,长株潭
002004,成渝特区
603766,成渝特区
601777,成渝特区
002466,成渝特区
601208,成渝特区
002422,成渝特区
601965,成渝特区
000625,成渝特区
000568,成渝特区
300194,成渝特区
600292,成渝特区
600875,成渝特区
000803,成渝特区
000598,成渝特区
600039,成渝特区
600528,成渝特区
600101,成渝特区
000892,成渝特区
002629,成渝特区
002558,成渝特区
300028,成渝特区
002651,成渝特区
600729,成渝特区
600565,成渝特区
002259,成渝特区
600666,成渝特区
000876,成渝特区
601005,成渝特区
600466,成渝特区
000688,成渝特区
600979,成渝特区
000519,成渝特区
600378,成渝特区
600139,成渝特区
000586,成渝特区
600793,成渝特区
600804,成渝特区
603077,成渝特区
000858,成渝特区
600847,成渝特区
600106,成渝特区
600828,成渝特区
000888,成渝特区
000935,成渝特区
000656,成渝特区
600674,成渝特区
300019,成渝特区
600353,成渝特区
600132,成渝特区
002386,成渝特区
600880,成渝特区
600369,成渝特区
600093,成渝特区
601107,成渝特区
000514,成渝特区
600116,成渝特区
300006,成渝特区
600438,成渝特区
002507,成渝特区
300122,成渝特区
000607,成渝特区
002357,成渝特区
300127,成渝特区
600644,成渝特区
002497,成渝特区
600131,成渝特区
002628,成渝特区
600691,成渝特区
000788,成渝特区
002366,成渝特区
002697,成渝特区
002539,成渝特区
600779,成渝特区
000510,成渝特区
600733,成渝特区
600279,成渝特区
000912,成渝特区
000155,成渝特区
600109,成渝特区
600505,成渝特区
300092,成渝特区
000629,成渝特区
600331,成渝特区
300022,成渝特区
002630,成渝特区
600702,成渝特区
000736,成渝特区
600321,成渝特区
600129,成渝特区
603333,成渝特区
600558,成渝特区
002023,成渝特区
000509,成渝特区
000591,成渝特区
001696,成渝特区
600452,成渝特区
000584,成渝特区
000835,成渝特区
601158,成渝特区
002480,成渝特区
600877,成渝特区
600678,成渝特区
300249,成渝特区
000628,成渝特区
000565,成渝特区
600391,成渝特区
300275,成渝特区
000801,成渝特区
600839,成渝特区
000790,成渝特区
300101,成渝特区
000710,成渝特区
000593,成渝特区
000810,成渝特区
603338,次新股
603369,次新股
002751,次新股
603328,次新股
600917,次新股
300399,次新股
603988,次新股
002736,次新股
603169,次新股
603188,次新股
002727,次新股
601226,次新股
603519,次新股
300396,次新股
603020,次新股
002743,次新股
603600,次新股
603025,次新股
300443,次新股
300364,次新股
300386,次新股
002749,次新股
002748,次新股
603939,次新股
603456,次新股
300429,次新股
603601,次新股
603686,次新股
603010,次新股
300407,次新股
300427,次新股
300410,次新股
300403,次新股
300411,次新股
300412,次新股
603111,次新股
300441,次新股
300438,次新股
603898,次新股
603158,次新股
603883,次新股
002730,次新股
603011,次新股
603017,次新股
603808,次新股
002729,次新股
603166,次新股
300446,次新股
603678,次新股
300408,次新股
002742,次新股
601689,次新股
603703,次新股
300384,次新股
300433,次新股
603588,次新股
603518,次新股
603088,次新股
300445,次新股
300394,次新股
300437,次新股
300431,次新股
300448,次新股
002737,次新股
603899,次新股
300404,次新股
300440,次新股
601021,次新股
002735,次新股
300430,次新股
300393,次新股
300401,次新股
002732,次新股
300398,次新股
300406,次新股
603567,次新股
300420,次新股
603306,次新股
300405,次新股
002734,次新股
601579,次新股
300439,次新股
601015,次新股
300449,次新股
603618,次新股
000166,次新股
300402,次新股
603609,次新股
300436,次新股
002733,次新股
300423,次新股
300426,次新股
603030,次新股
300392,次新股
603611,次新股
300421,次新股
603997,次新股
300374,次新股
300409,次新股
603889,次新股
300434,次新股
300428,次新股
603558,次新股
600958,次新股
603806,次新股
601969,次新股
300447,次新股
603789,次新股
300422,次新股
603015,次新股
300442,次新股
300435,次新股
603012,次新股
600959,次新股
603828,次新股
002726,次新股
002745,次新股
603168,次新股
002741,次新股
300390,次新股
603636,次新股
002750,次新股
002724,次新股
300389,次新股
603100,次新股
603006,次新股
603788,次新股
603009,次新股
603688,次新股
603729,次新股
300444,次新股
300400,次新股
002731,次新股
603315,次新股
603268,次新股
300391,次新股
603969,次新股
603818,次新股
601016,次新股
601198,次新股
603606,次新股
603019,次新股
603018,次新股
300413,次新股
002747,次新股
300432,次新股
300395,次新股
300418,次新股
603126,次新股
603222,次新股
002739,次新股
603368,次新股
603998,次新股
603318,次新股
603869,次新股
603799,次新股
603118,次新股
300424,次新股
300415,次新股
002738,次新股
002728,次新股
300419,次新股
603021,次新股
603099,次新股
601069,次新股
603309,次新股
002752,次新股
300425,次新股
603698,次新股
300416,次新股
300397,次新股
300387,次新股
300417,次新股
300388,次新股
603199,次新股
002746,次新股
300385,次新股
000729,创投概念
600300,创投概念
002001,创投概念
600366,创投概念
600783,创投概念
002195,创投概念
600895,创投概念
600064,创投概念
601333,创投概念
600309,创投概念
000931,创投概念
600105,创投概念
000997,创投概念
600831,创投概念
000423,创投概念
600736,创投概念
002079,创投概念
002026,创投概念
002156,创投概念
000657,创投概念
000851,创投概念
000753,创投概念
600633,创投概念
600900,创投概念
000917,创投概念
000850,创投概念
000881,创投概念
600689,创投概念
002500,创投概念
000538,创投概念
600884,创投概念
000988,创投概念
600487,创投概念
002245,创投概念
600201,创投概念
601555,创投概念
600635,创投概念
600100,创投概念
600683,创投概念
600880,创投概念
600387,创投概念
600257,创投概念
600649,创投概念
600283,创投概念
600824,创投概念
600210,创投概念
600596,创投概念
000429,创投概念
000966,创投概念
002008,创投概念
000998,创投概念
600128,创投概念
000938,创投概念
600896,创投概念
002148,创投概念
002054,创投概念
600145,创投概念
000903,创投概念
600266,创投概念
000301,创投概念
000606,创投概念
600227,创投概念
600820,创投概念
601599,创投概念
000913,创投概念
300118,创投概念
002658,创投概念
000627,创投概念
600235,创投概念
002559,创投概念
002107,创投概念
600231,创投概念
600624,创投概念
600661,创投概念
600981,创投概念
000027,创投概念
000158,创投概念
600160,创投概念
600862,创投概念
600770,创投概念
600744,创投概念
600781,创投概念
000793,创投概念
600461,创投概念
000923,创投概念
600250,创投概念
002439,创投概念
600198,创投概念
000948,创投概念
000532,创投概念
600747,创投概念
002273,触摸屏
600460,触摸屏
600563,触摸屏
000823,触摸屏
300088,触摸屏
000636,触摸屏
002156,触摸屏
002214,触摸屏
002289,触摸屏
002217,触摸屏
002106,触摸屏
002426,触摸屏
300028,触摸屏
300256,触摸屏
000727,触摸屏
002185,触摸屏
002456,触摸屏
002362,触摸屏
000012,触摸屏
000050,触摸屏
600584,触摸屏
002119,触摸屏
600360,触摸屏
300282,触摸屏
000536,触摸屏
600207,触摸屏
300083,触摸屏
600171,触摸屏
002045,触摸屏
002055,触摸屏
002388,触摸屏
600552,触摸屏
300032,触摸屏
600389,出口退税
600549,出口退税
600267,出口退税
600337,出口退税
000726,出口退税
600409,出口退税
600585,出口退税
600141,出口退税
600226,出口退税
600099,出口退税
600978,出口退税
000553,出口退税
600176,出口退税
600819,出口退税
600486,出口退税
600469,出口退税
000507,出口退税
000597,出口退税
600599,出口退税
600096,出口退税
600623,出口退税
600241,出口退税
000012,出口退税
600618,出口退税
000589,出口退税
600182,出口退税
000703,出口退税
600731,出口退税
600078,出口退税
600792,出口退税
601002,出口退税
600531,出口退税
000599,出口退税
600367,出口退税
600278,出口退税
600636,出口退税
600579,出口退税
600961,出口退税
600229,出口退税
000525,草甘膦
600226,草甘膦
002018,草甘膦
000553,草甘膦
603077,草甘膦
002391,草甘膦
600486,草甘膦
600596,草甘膦
000407,草甘膦
600650,参股金融
002315,参股金融
600208,参股金融
600551,参股金融
600398,参股金融
002108,参股金融
600170,参股金融
600823,参股金融
600648,参股金融
000039,参股金融
601010,参股金融
000600,参股金融
000030,参股金融
002444,参股金融
600507,参股金融
600655,参股金融
000690,参股金融
000612,参股金融
600851,参股金融
000603,参股金融
600827,参股金融
600488,参股金融
000900,参股金融
600300,参股金融
601777,参股金融
000860,参股金融
000620,参股金融
600580,参股金融
000652,参股金融
600755,参股金融
600510,参股金融
600869,参股金融
002437,参股金融
600027,参股金融
600380,参股金融
600004,参股金融
000883,参股金融
601216,参股金融
601999,参股金融
600750,参股金融
000417,参股金融
600056,参股金融
600261,参股金融
000919,参股金融
600366,参股金融
600079,参股金融
600787,参股金融
600611,参股金融
000685,参股金融
600805,参股金融
600639,参股金融
000823,参股金融
000021,参股金融
600059,参股金融
600335,参股金融
002277,参股金融
600783,参股金融
600864,参股金融
600064,参股金融
600068,参股金融
600054,参股金融
600818,参股金融
600292,参股金融
600642,参股金融
002237,参股金融
000060,参股金融
600571,参股金融
600029,参股金融
000100,参股金融
000997,参股金融
002309,参股金融
600863,参股金融
600039,参股金融
600101,参股金融
600826,参股金融
600828,参股金融
002112,参股金融
002111,参股金融
002390,参股金融
002094,参股金融
002109,参股金融
002147,参股金融
002545,参股金融
600872,参股金融
600882,参股金融
002699,参股金融
002166,参股金融
002203,参股金融
002418,参股金融
600736,参股金融
600280,参股金融
600291,参股金融
600238,参股金融
600739,参股金融
600209,参股金融
600226,参股金融
600652,参股金融
600593,参股金融
600533,参股金融
600682,参股金融
600689,参股金融
600306,参股金融
600352,参股金融
600110,参股金融
603077,参股金融
600778,参股金融
600107,参股金融
600811,参股金融
600530,参股金融
600106,参股金融
600754,参股金融
600191,参股金融
600195,参股金融
600777,参股金融
600141,参股金融
600153,参股金融
600165,参股金融
002091,参股金融
000712,参股金融
000782,参股金融
000812,参股金融
000939,参股金融
000668,参股金融
000540,参股金融
000996,参股金融
000748,参股金融
000553,参股金融
000756,参股金融
000753,参股金融
000813,参股金融
000890,参股金融
000881,参股金融
002075,参股金融
000818,参股金融
002090,参股金融
000626,参股金融
000876,参股金融
000850,参股金融
000839,参股金融
000878,参股金融
000426,参股金融
600090,参股金融
000543,参股金融
600884,参股金融
300119,参股金融
600790,参股金融
600177,参股金融
300059,参股金融
000544,参股金融
600108,参股金融
600125,参股金融
600713,参股金融
000935,参股金融
600305,参股金融
000623,参股金融
600651,参股金融
600293,参股金融
600487,参股金融
002204,参股金融
000531,参股金融
000916,参股金融
600635,参股金融
000902,参股金融
002386,参股金融
600197,参股金融
600742,参股金融
000929,参股金融
002063,参股金融
002567,参股金融
600070,参股金融
600668,参股金融
000514,参股金融
601107,参股金融
000789,参股金融
002089,参股金融
002582,参股金融
600865,参股金融
600116,参股金融
600469,参股金融
000663,参股金融
600122,参股金融
600483,参股金融
600439,参股金融
601700,参股金融
600606,参股金融
600794,参股金融
002661,参股金融
600649,参股金融
600285,参股金融
600467,参股金融
600570,参股金融
002287,参股金融
600302,参股金融
600350,参股金融
600120,参股金融
600599,参股金融
600327,参股金融
601339,参股金融
600236,参股金融
600252,参股金融
000036,参股金融
002357,参股金融
000551,参股金融
600644,参股金融
600638,参股金融
600020,参股金融
600222,参股金融
601188,参股金融
002042,参股金融
000615,参股金融
000159,参股金融
600888,参股金融
600623,参股金融
600269,参股金融
000429,参股金融
600241,参股金融
600738,参股金融
000031,参股金融
600704,参股金融
000533,参股金融
000796,参股金融
000759,参股金融
000998,参股金融
600057,参股金融
600128,参股金融
000589,参股金融
600098,参股金融
600896,参股金融
000897,参股金融
600069,参股金融
600249,参股金融
000705,参股金融
000530,参股金融
600328,参股金融
600121,参股金融
000963,参股金融
000918,参股金融
000927,参股金融
600022,参股金融
000682,参股金融
600695,参股金融
000510,参股金融
600247,参股金融
002674,参股金融
600802,参股金融
600071,参股金融
600382,参股金融
600595,参股金融
000155,参股金融
600612,参股金融
000933,参股金融
600266,参股金融
600725,参股金融
600881,参股金融
002493,参股金融
600857,参股金融
002496,参股金融
000703,参股金融
600505,参股金融
600255,参股金融
000301,参股金融
600282,参股金融
000713,参股金融
600248,参股金融
002323,参股金融
000828,参股金融
000785,参股金融
600336,参股金融
000564,参股金融
600021,参股金融
600113,参股金融
600331,参股金融
600227,参股金融
600175,参股金融
000570,参股金融
000632,参股金融
600117,参股金融
002326,参股金融
600892,参股金融
002477,参股金融
600363,参股金融
002397,参股金融
000798,参股金融
600785,参股金融
600278,参股金融
002120,参股金融
000153,参股金融
000627,参股金融
600310,参股金融
000989,参股金融
601038,参股金融
600692,参股金融
300021,参股金融
600716,参股金融
000516,参股金融
600273,参股金融
000735,参股金融
600129,参股金融
600558,参股金融
600288,参股金融
600095,参股金融
002229,参股金融
600103,参股金融
600675,参股金融
002012,参股金融
000666,参股金融
600231,参股金融
600354,参股金融
002159,参股金融
002023,参股金融
000737,参股金融
600395,参股金融
600800,参股金融
600537,参股金融
600260,参股金融
002526,参股金融
002321,参股金融
000419,参股金融
002093,参股金融
600621,参股金融
600981,参股金融
600063,参股金融
001696,参股金融
000027,参股金融
600449,参股金融
002098,参股金融
002177,参股金融
600726,参股金融
600052,参股金融
000821,参股金融
000158,参股金融
600415,参股金融
600452,参股金融
002021,参股金融
002276,参股金融
600151,参股金融
600653,参股金融
600598,参股金融
600229,参股金融
600171,参股金融
000755,参股金融
600770,参股金融
000722,参股金融
600287,参股金融
600873,参股金融
600220,参股金融
600744,参股金融
600468,参股金融
000592,参股金融
600135,参股金融
600681,参股金融
000609,参股金融
600685,参股金融
601890,参股金融
000733,参股金融
000628,参股金融
600737,参股金融
600479,参股金融
000930,参股金融
600838,参股金融
601718,参股金融
000936,参股金融
600855,参股金融
601007,参股金融
600158,参股金融
600640,参股金融
600316,参股金融
600876,参股金融
300349,参股金融
002087,参股金融
600399,参股金融
002201,参股金融
601918,参股金融
000971,参股金融
600839,参股金融
000766,参股金融
000560,参股金融
600503,参股金融
600136,参股金融
002118,参股金融
600376,参股金融
600200,参股金融
600156,参股金融
600773,参股金融
000920,参股金融
002447,参股金融
000948,参股金融
000416,参股金融
000687,参股金融
600133,参股金融
002607,参股金融
600390,参股金融
600592,参股金融
300325,参股金融
000993,参股金融
600326,参股金融
600339,参股金融
600747,参股金融
002358,充电桩
002212,充电桩
600289,充电桩
002121,充电桩
000005,充电桩
000887,充电桩
000400,充电桩
300040,充电桩
002518,充电桩
002660,充电桩
300141,充电桩
300376,充电桩
002123,充电桩
002364,充电桩
600405,充电桩
002276,充电桩
600268,充电桩
300001,充电桩
600680,充电桩
002190,充电桩
002227,充电桩
002363,充电桩
601288,超大盘
600019,超大盘
601088,超大盘
601668,超大盘
600900,超大盘
601919,超大盘
600036,超大盘
601318,超大盘
600005,超大盘
600030,超大盘
600050,超大盘
601899,超大盘
600000,超大盘
600028,超大盘
601006,超大盘
601857,超大盘
600547,超大盘
601600,超大盘
601898,超大盘
000890,超导概念
600777,超导概念
600522,超导概念
002300,超导概念
600082,超导概念
600595,超导概念
600255,超导概念
002149,超导概念
000962,超导概念
600973,超导概念
002130,超导概念
002498,超导概念
600770,超导概念
600468,超导概念
600416,超导概念
002471,超导概念
300196,保障房
600208,保障房
600801,保障房
600170,保障房
000401,保障房
600663,保障房
000620,保障房
601992,保障房
600510,保障房
600894,保障房
000926,保障房
002233,保障房
002372,保障房
600340,保障房
600585,保障房
601668,保障房
600318,保障房
600165,保障房
000786,保障房
601618,保障房
000540,保障房
600533,保障房
300093,保障房
000024,保障房
000002,保障房
600720,保障房
600048,保障房
600819,保障房
000789,保障房
600649,保障房
600239,保障房
600638,保障房
000012,保障房
000031,保障房
600322,保障房
600173,保障房
600022,保障房
600266,保障房
600881,保障房
600117,保障房
000619,保障房
000877,保障房
000983,保障房
002359,保障房
600215,保障房
600425,保障房
600684,保障房
600782,保障房
600862,保障房
600477,保障房
600149,保障房
002367,保障房
600184,保障房
600876,保障房
600773,保障房
600376,保障房
600383,保障房
601808,本月解禁
600869,本月解禁
002470,本月解禁
000883,本月解禁
300115,本月解禁
002475,本月解禁
000001,本月解禁
300124,本月解禁
002482,本月解禁
002698,本月解禁
002665,本月解禁
300353,本月解禁
600166,本月解禁
600242,本月解禁
002481,本月解禁
300352,本月解禁
300116,本月解禁
300157,本月解禁
300309,本月解禁
002699,本月解禁
002473,本月解禁
601018,本月解禁
002474,本月解禁
300123,本月解禁
002468,本月解禁
300119,本月解禁
600597,本月解禁
002479,本月解禁
000686,本月解禁
002483,本月解禁
603167,本月解禁
300355,本月解禁
300265,本月解禁
002696,本月解禁
002700,本月解禁
002467,本月解禁
300117,本月解禁
601339,本月解禁
300122,本月解禁
300121,本月解禁
002478,本月解禁
002697,本月解禁
000732,本月解禁
600612,本月解禁
300268,本月解禁
002469,本月解禁
000564,本月解禁
300118,本月解禁
002658,本月解禁
002477,本月解禁
600161,本月解禁
002472,本月解禁
000639,本月解禁
002695,本月解禁
002617,本月解禁
002649,本月解禁
300354,本月解禁
002480,本月解禁
002476,本月解禁
600681,本月解禁
002371,本月解禁
002484,本月解禁
600184,本月解禁
000561,本月解禁
002471,本月解禁
600760,本月解禁
300302,本月解禁
300120,本月解禁
601111,保险重仓
601288,保险重仓
601098,保险重仓
600009,保险重仓
601669,保险重仓
000039,保险重仓
000792,保险重仓
601939,保险重仓
600637,保险重仓
601988,保险重仓
600827,保险重仓
000729,保险重仓
600267,保险重仓
000860,保险重仓
600016,保险重仓
601808,保险重仓
601088,保险重仓
002294,保险重仓
002422,保险重仓
600694,保险重仓
002073,保险重仓
601888,保险重仓
600511,保险重仓
600104,保险重仓
002241,保险重仓
600066,保险重仓
600196,保险重仓
000001,保险重仓
600741,保险重仓
601928,保险重仓
600426,保险重仓
601818,保险重仓
601607,保险重仓
600600,保险重仓
601628,保险重仓
000402,保险重仓
600309,保险重仓
600875,保险重仓
600858,保险重仓
600535,保险重仓
600029,保险重仓
000999,保险重仓
600498,保险重仓
600085,保险重仓
000758,保险重仓
000598,保险重仓
000063,保险重仓
002007,保险重仓
601766,保险重仓
601668,保险重仓
600519,保险重仓
600900,保险重仓
000887,保险重仓
600195,保险重仓
600153,保险重仓
000882,保险重仓
601618,保险重仓
000858,保险重仓
600271,保险重仓
000002,保险重仓
000538,保险重仓
600177,保险重仓
601169,保险重仓
600036,保险重仓
600588,保险重仓
600256,保险重仓
600048,保险重仓
600887,保险重仓
600276,保险重仓
002022,保险重仓
600030,保险重仓
601788,保险重仓
600418,保险重仓
600000,保险重仓
600467,保险重仓
601009,保险重仓
600372,保险重仓
601989,保险重仓
600028,保险重仓
600361,保险重仓
601006,保险重仓
000963,保险重仓
601857,保险重仓
600577,保险重仓
600546,保险重仓
000969,保险重仓
600379,保险重仓
600547,保险重仓
000983,保险重仓
000960,保险重仓
600489,保险重仓
600031,保险重仓
000536,保险重仓
600160,保险重仓
600376,保险重仓
600589,保险重仓
600383,保险重仓
600823,博彩概念
600138,博彩概念
601216,博彩概念
300033,博彩概念
002277,博彩概念
002181,博彩概念
603000,博彩概念
600037,博彩概念
000851,博彩概念
002605,博彩概念
300052,博彩概念
600696,博彩概念
300028,博彩概念
002235,博彩概念
002072,博彩概念
000981,博彩概念
601519,博彩概念
002117,博彩概念
002197,博彩概念
002264,博彩概念
002229,博彩概念
002416,博彩概念
002261,博彩概念
600433,博彩概念
600770,博彩概念
600158,博彩概念
600640,博彩概念
000971,博彩概念
000156,阿里概念
002153,阿里概念
601216,阿里概念
600718,阿里概念
601866,阿里概念
600633,阿里概念
600446,阿里概念
600332,阿里概念
002401,阿里概念
300027,阿里概念
002230,阿里概念
600570,阿里概念
600476,阿里概念
600130,阿里概念
002649,阿里概念
300251,阿里概念
300245,阿里概念
300228,阿里概念
600410,阿里概念
600797,阿里概念
000906,阿里概念
002528,安防服务
002535,安防服务
002474,安防服务
002415,安防服务
300150,安防服务
300093,安防服务
300184,安防服务
300310,安防服务
300287,安防服务
300407,安防服务
002090,安防服务
600654,安防服务
000676,安防服务
600804,安防服务
600565,安防服务
600074,安防服务
002214,安防服务
000836,安防服务
002230,安防服务
300098,安防服务
600100,安防服务
300078,安防服务
300449,安防服务
300367,安防服务
300270,安防服务
000909,安防服务
300075,安防服务
300020,安防服务
300211,安防服务
002609,安防服务
600728,安防服务
300155,安防服务
002139,安防服务
002253,安防服务
002312,安防服务
300213,安防服务
600855,安防服务
300275,安防服务
300297,安防服务
300053,安防服务
300101,安防服务
002298,安防服务
600485,4G概念
300292,4G概念
002281,4G概念
002194,4G概念
600105,4G概念
600498,4G概念
000063,4G概念
300312,4G概念
002544,4G概念
300310,4G概念
300250,4G概念
300299,4G概念
300134,4G概念
002313,4G概念
002369,4G概念
002316,4G概念
600289,4G概念
600522,4G概念
002491,4G概念
600487,4G概念
600050,4G概念
300081,4G概念
600345,4G概念
300050,4G概念
300068,4G概念
002148,4G概念
002417,4G概念
300077,4G概念
300025,4G概念
300047,4G概念
002364,4G概念
600728,4G概念
002093,4G概念
002446,4G概念
002261,4G概念
600770,4G概念
300288,4G概念
300038,4G概念
600198,4G概念
002115,4G概念
300043,3D打印
002375,3D打印
002698,3D打印
002309,3D打印
600466,3D打印
300161,3D打印
002545,3D打印
002348,3D打印
600806,3D打印
000988,3D打印
300024,3D打印
600456,3D打印
601313,3D打印
002008,3D打印
002540,3D打印
000938,3D打印
603002,3D打印
300177,3D打印
002222,3D打印
600288,3D打印
002690,3D打印
002526,3D打印
300004,3D打印
600765,3D打印
300221,3D打印
300220,3D打印
300331,3D打印
300337,3D打印
002529,3D打印
