code,name,market,主力控盘日期,控盘程度,main_cost_value
000001,平安银行,000001.sz,2015-04-13,强烈控盘,11.98
000002,万  科Ａ,000002.sz,2015-04-13,高度控盘,12.91
000004,国农科技,000004.sz,2015-04-13,强烈控盘,22.05
000005,世纪星源,000005.sz,2014-12-26,微弱控盘,4.21
000006,深振业Ａ,000006.sz,2015-04-13,强烈控盘,8.58
000007,零七股份,000007.sz,2015-04-13,强烈控盘,17.59
000008,神州高铁,000008.sz,2015-03-11,强烈控盘,19.7
000009,中国宝安,000009.sz,2015-04-13,强烈控盘,16.17
000010,深华新,000010.sz,2014-12-25,微弱控盘,7.78
000011,深物业A,000011.sz,2015-04-13,强烈控盘,13.7
000012,南  玻Ａ,000012.sz,2015-03-18,强烈控盘,9.85
000014,沙河股份,000014.sz,2015-04-13,强烈控盘,18.09
000016,深康佳Ａ,000016.sz,2015-04-13,强烈控盘,9.99
000017,深中华A,000017.sz,2015-04-13,强烈控盘,9.82
000018,中冠A,000018.sz,2015-04-13,强烈控盘,25.13
000019,深深宝Ａ,000019.sz,2015-04-13,强烈控盘,9.67
000020,深华发Ａ,000020.sz,2015-04-13,强烈控盘,13.77
000021,深科技,000021.sz,2015-04-13,强烈控盘,9.91
000022,深赤湾Ａ,000022.sz,2015-04-13,强烈控盘,20.24
000023,深天地Ａ,000023.sz,2015-04-13,强烈控盘,21.7
000024,招商地产,000024.sz,2015-04-02,高度控盘,28.3
000025,特  力Ａ,000025.sz,2015-04-13,强烈控盘,15.82
000026,飞亚达Ａ,000026.sz,2015-04-08,强烈控盘,12.36
000027,深圳能源,000027.sz,2015-04-13,强烈控盘,12.44
000028,国药一致,000028.sz,2015-04-13,强烈控盘,51.59
000029,深深房Ａ,000029.sz,2015-04-13,强烈控盘,8.47
000030,富奥股份,000030.sz,2015-04-13,强烈控盘,9.94
000031,中粮地产,000031.sz,2015-04-13,强烈控盘,9.8
000032,深桑达Ａ,000032.sz,2015-04-13,强烈控盘,14.15
000034,深信泰丰,000034.sz,2015-03-20,强烈控盘,7.84
000035,中国天楹,000035.sz,2015-04-13,强烈控盘,17.05
000036,华联控股,000036.sz,2015-04-10,强烈控盘,5.3
000037,深南电Ａ,000037.sz,2015-04-13,强烈控盘,9.99
000038,深大通,000038.sz,2015-03-23,强烈控盘,22.81
000039,中集集团,000039.sz,2015-04-13,强烈控盘,21.87
000040,宝安地产,000040.sz,2015-04-13,强烈控盘,7.7
000042,中洲控股,000042.sz,2015-04-13,强烈控盘,16.94
000043,中航地产,000043.sz,2015-04-13,强烈控盘,11.1
000045,深纺织Ａ,000045.sz,2015-04-13,强烈控盘,11.3
000046,泛海控股,000046.sz,2015-04-13,强烈控盘,10.33
000048,康达尔,000048.sz,2015-04-13,强烈控盘,12.67
000049,德赛电池,000049.sz,2015-04-13,强烈控盘,40.34
000050,深天马Ａ,000050.sz,2015-04-13,强烈控盘,24.6
000055,方大集团,000055.sz,2015-04-13,强烈控盘,10.68
000056,深国商,000056.sz,2015-04-13,强烈控盘,19.03
000058,深 赛 格,000058.sz,2015-04-13,强烈控盘,9.81
000059,华锦股份,000059.sz,2015-04-13,中度控盘,9.84
000060,中金岭南,000060.sz,2015-04-13,强烈控盘,12.11
000061,农 产 品,000061.sz,2015-04-13,强烈控盘,13.34
000062,深圳华强,000062.sz,2015-03-12,强烈控盘,21.08
000063,中兴通讯,000063.sz,2015-04-13,强烈控盘,20.84
000065,北方国际,000065.sz,2015-04-13,强烈控盘,21.01
000066,长城电脑,000066.sz,2015-04-13,强烈控盘,12.59
000068,*ST华赛,000068.sz,2015-01-26,轻度控盘,8.94
000069,华侨城Ａ,000069.sz,2015-04-13,强烈控盘,9.09
000070,特发信息,000070.sz,2015-04-13,强烈控盘,10.36
000078,海王生物,000078.sz,2015-04-13,强烈控盘,16.28
000088,盐 田 港,000088.sz,2015-04-13,强烈控盘,10.24
000089,深圳机场,000089.sz,2015-04-13,强烈控盘,6.57
000090,天健集团,000090.sz,2015-04-13,强烈控盘,16.64
000096,广聚能源,000096.sz,2015-04-13,强烈控盘,8.95
000099,中信海直,000099.sz,2015-04-13,强烈控盘,15.62
000100,TCL 集团,000100.sz,2015-04-13,强烈控盘,5.54
000150,宜华健康,000150.sz,2015-04-13,强烈控盘,29.37
000151,中成股份,000151.sz,2015-04-13,强烈控盘,22.54
000153,丰原药业,000153.sz,2015-04-13,强烈控盘,13.72
000155,ST川化,000155.sz,2015-04-13,强烈控盘,9.52
000156,华数传媒,000156.sz,2015-04-13,强烈控盘,41.87
000157,中联重科,000157.sz,2015-04-13,强烈控盘,6.85
000158,常山股份,000158.sz,2015-04-13,强烈控盘,14.29
000159,国际实业,000159.sz,2015-04-13,强烈控盘,12.67
000301,东方市场,000301.sz,2015-04-13,强烈控盘,6.09
000333,美的集团,000333.sz,2015-04-13,强烈控盘,27.39
000338,潍柴动力,000338.sz,2015-04-13,强烈控盘,29.36
000400,许继电气,000400.sz,2015-04-13,强烈控盘,28.59
000401,冀东水泥,000401.sz,2015-04-13,强烈控盘,13.49
000402,金 融 街,000402.sz,2015-04-13,强烈控盘,10.74
000404,华意压缩,000404.sz,2015-04-13,强烈控盘,8.74
000407,胜利股份,000407.sz,2015-04-13,强烈控盘,7.95
000408,金谷源,000408.sz,2015-04-13,强烈控盘,13.09
000409,山东地矿,000409.sz,2015-04-13,强烈控盘,14.21
000410,沈阳机床,000410.sz,2015-03-02,强烈控盘,16.9
000411,英特集团,000411.sz,2014-11-27,强烈控盘,17.01
000413,东旭光电,000413.sz,2015-04-13,强烈控盘,11.97
000415,渤海租赁,000415.sz,2015-01-16,中度控盘,11.95
000416,民生控股,000416.sz,2015-04-13,强烈控盘,11.18
000417,合肥百货,000417.sz,2015-04-13,强烈控盘,9.98
000418,小天鹅Ａ,000418.sz,2015-04-13,强烈控盘,15.39
000419,通程控股,000419.sz,2015-04-13,强烈控盘,7.99
000420,吉林化纤,000420.sz,2015-04-13,强烈控盘,6.33
000421,南京中北,000421.sz,2015-04-13,强烈控盘,8.69
000422,湖北宜化,000422.sz,2015-04-13,强烈控盘,7.92
000423,东阿阿胶,000423.sz,2015-04-13,强烈控盘,41.94
000425,徐工机械,000425.sz,2015-04-13,强烈控盘,14.1
000426,兴业矿业,000426.sz,2015-04-13,强烈控盘,13.42
000428,华天酒店,000428.sz,2015-04-13,强烈控盘,7.82
000429,粤高速Ａ,000429.sz,2015-04-07,强烈控盘,5.46
000430,张家界,000430.sz,2015-04-13,强烈控盘,9.9
000488,晨鸣纸业,000488.sz,2015-04-13,强烈控盘,7.57
000498,山东路桥,000498.sz,2015-04-13,强烈控盘,7.11
000501,鄂武商Ａ,000501.sz,2015-04-13,强烈控盘,16.55
000502,绿景控股,000502.sz,2015-02-27,强烈控盘,10.77
000503,海虹控股,000503.sz,2015-03-20,强烈控盘,34.42
000505,珠江控股,000505.sz,2015-04-13,强烈控盘,9.2
000506,中润资源,000506.sz,2015-03-27,高度控盘,6.43
000507,珠海港,000507.sz,2015-04-13,强烈控盘,11.23
000509,华塑控股,000509.sz,2015-04-13,强烈控盘,6.91
000510,*ST金路,000510.sz,2015-01-16,微弱控盘,6.75
000511,烯碳新材,000511.sz,2015-04-13,强烈控盘,11.44
000513,丽珠集团,000513.sz,2015-04-13,强烈控盘,52.3
000514,渝 开 发,000514.sz,2015-04-13,强烈控盘,7.96
000516,国际医学,000516.sz,2015-04-13,强烈控盘,19.13
000517,荣安地产,000517.sz,2015-04-13,强烈控盘,17.12
000518,四环生物,000518.sz,2015-03-06,高度控盘,5.88
000519,江南红箭,000519.sz,2015-04-13,强烈控盘,16.83
000521,美菱电器,000521.sz,2015-04-13,强烈控盘,7.07
000523,广州浪奇,000523.sz,2015-04-13,强烈控盘,11.79
000524,东方宾馆,000524.sz,2015-04-13,强烈控盘,14.24
000525,红 太 阳,000525.sz,2015-04-13,强烈控盘,17.53
000526,银润投资,000526.sz,2015-02-06,高度控盘,20.32
000528,柳    工,000528.sz,2015-04-13,强烈控盘,12.48
000529,广弘控股,000529.sz,2015-04-13,强烈控盘,10.99
000530,大冷股份,000530.sz,2015-04-13,强烈控盘,13.95
000531,穗恒运Ａ,000531.sz,2015-04-13,强烈控盘,13.42
000532,力合股份,000532.sz,2015-04-13,强烈控盘,18.79
000533,万 家 乐,000533.sz,2015-04-13,强烈控盘,6.1
000534,万泽股份,000534.sz,2015-04-13,强烈控盘,10.67
000536,华映科技,000536.sz,2015-04-13,强烈控盘,20.17
000537,广宇发展,000537.sz,2015-04-13,强烈控盘,10.2
000538,云南白药,000538.sz,2015-04-13,强烈控盘,59.85
000539,粤电力Ａ,000539.sz,2015-04-13,强烈控盘,6.84
000540,中天城投,000540.sz,2015-04-13,强烈控盘,10.71
000541,佛山照明,000541.sz,2015-04-13,强烈控盘,13.99
000543,皖能电力,000543.sz,2015-04-13,强烈控盘,12.87
000544,中原环保,000544.sz,2015-04-13,强烈控盘,16.46
000545,金浦钛业,000545.sz,2015-04-13,强烈控盘,14.37
000546,金圆股份,000546.sz,2015-04-13,强烈控盘,9.62
000547,闽福发Ａ,000547.sz,2015-04-08,强烈控盘,19.19
000548,湖南投资,000548.sz,2015-04-13,强烈控盘,9.93
000550,江铃汽车,000550.sz,2015-04-13,中度控盘,29.39
000551,创元科技,000551.sz,2015-04-13,强烈控盘,12.15
000552,靖远煤电,000552.sz,2015-04-13,强烈控盘,10.9
000553,沙隆达Ａ,000553.sz,2015-04-13,强烈控盘,15.27
000554,泰山石油,000554.sz,2015-04-13,强烈控盘,11.53
000555,神州信息,000555.sz,2015-04-03,强烈控盘,56.64
000558,莱茵置业,000558.sz,2015-04-13,强烈控盘,7.18
000559,万向钱潮,000559.sz,2015-04-13,强烈控盘,16.12
000560,昆百大Ａ,000560.sz,2015-04-13,强烈控盘,21.41
000561,烽火电子,000561.sz,2015-04-13,强烈控盘,11.37
000562,宏源证券,000562.sz,NA,,NA
000563,陕国投Ａ,000563.sz,2015-04-13,强烈控盘,14.24
000564,西安民生,000564.sz,2014-12-19,中度控盘,5.71
000565,渝三峡Ａ,000565.sz,2015-04-13,强烈控盘,16.92
000566,海南海药,000566.sz,2015-04-13,强烈控盘,25
000567,海德股份,000567.sz,2015-04-13,强烈控盘,14.38
000568,泸州老窖,000568.sz,2015-04-13,强烈控盘,20.96
000570,苏常柴Ａ,000570.sz,2015-04-13,强烈控盘,9.79
000571,新大洲Ａ,000571.sz,2015-04-13,强烈控盘,6.09
000572,海马汽车,000572.sz,2015-04-13,强烈控盘,6.35
000573,粤宏远Ａ,000573.sz,2015-04-13,强烈控盘,6.41
000576,广东甘化,000576.sz,2015-04-13,强烈控盘,14.35
000581,威孚高科,000581.sz,2015-04-13,强烈控盘,31.67
000582,北部湾港,000582.sz,2015-04-13,强烈控盘,23.16
000584,友利控股,000584.sz,2014-09-19,强烈控盘,6.47
000585,东北电气,000585.sz,2015-04-13,强烈控盘,6.1
000586,汇源通信,000586.sz,2015-04-13,强烈控盘,13.46
000587,金叶珠宝,000587.sz,2015-02-02,强烈控盘,11.38
000589,黔轮胎Ａ,000589.sz,2015-04-13,强烈控盘,7.98
000590,紫光古汉,000590.sz,2015-04-13,强烈控盘,17.35
000591,桐 君 阁,000591.sz,2014-12-16,轻度控盘,13.08
000592,平潭发展,000592.sz,2015-04-13,强烈控盘,23.36
000593,大通燃气,000593.sz,2015-02-03,轻度控盘,8.09
000595,西北轴承,000595.sz,2015-04-03,强烈控盘,12.69
000596,古井贡酒,000596.sz,2015-04-13,高度控盘,32.37
000597,东北制药,000597.sz,2015-04-13,强烈控盘,13.09
000598,兴蓉投资,000598.sz,2015-04-13,强烈控盘,8.65
000599,青岛双星,000599.sz,2015-04-13,强烈控盘,10.91
000600,建投能源,000600.sz,2015-04-10,强烈控盘,10.82
000601,韶能股份,000601.sz,2015-04-13,强烈控盘,7.38
000603,盛达矿业,000603.sz,2015-04-13,强烈控盘,15.63
000605,渤海股份,000605.sz,2015-01-12,轻度控盘,16.98
000606,青海明胶,000606.sz,2015-04-13,强烈控盘,9.02
000607,华媒控股,000607.sz,2015-01-16,微弱控盘,10.37
000608,阳光股份,000608.sz,2015-04-13,强烈控盘,5.46
000609,绵世股份,000609.sz,2015-04-13,强烈控盘,17.68
000610,西安旅游,000610.sz,2015-04-13,强烈控盘,12.83
000611,内蒙发展,000611.sz,2015-01-14,微弱控盘,7.43
000612,焦作万方,000612.sz,2015-04-13,强烈控盘,11.28
000613,大东海A,000613.sz,2015-04-13,强烈控盘,9.11
000615,湖北金环,000615.sz,2015-04-13,强烈控盘,13.35
000616,海航投资,000616.sz,2014-11-28,高度控盘,4.27
000617,石油济柴,000617.sz,2015-04-13,强烈控盘,11.43
000619,海螺型材,000619.sz,2015-04-13,强烈控盘,10.7
000620,新华联,000620.sz,2015-04-09,强烈控盘,8.52
000622,恒立实业,000622.sz,2015-04-13,强烈控盘,9.68
000623,吉林敖东,000623.sz,2015-04-13,强烈控盘,35.59
000625,长安汽车,000625.sz,2015-03-06,高度控盘,15.87
000626,如意集团,000626.sz,2015-03-17,强烈控盘,32.25
000627,天茂集团,000627.sz,2015-04-13,强烈控盘,10.36
000628,高新发展,000628.sz,2015-04-13,强烈控盘,11.83
000629,攀钢钒钛,000629.sz,2015-04-13,强烈控盘,3.98
000630,铜陵有色,000630.sz,2015-03-06,中度控盘,14.95
000631,顺发恒业,000631.sz,2015-04-13,强烈控盘,7.36
000632,三木集团,000632.sz,2015-04-13,强烈控盘,7.62
000633,合金投资,000633.sz,2015-01-29,轻度控盘,8.02
000635,英 力 特,000635.sz,2015-04-13,强烈控盘,13.09
000636,风华高科,000636.sz,2015-01-30,强烈控盘,8.45
000637,茂化实华,000637.sz,2015-04-13,强烈控盘,8.28
000638,万方发展,000638.sz,2015-04-13,强烈控盘,8.55
000639,西王食品,000639.sz,2015-04-13,强烈控盘,21.48
000650,仁和药业,000650.sz,2015-04-13,强烈控盘,10.49
000651,格力电器,000651.sz,2015-04-13,高度控盘,37.08
000652,泰达股份,000652.sz,2015-04-13,强烈控盘,8.56
000655,金岭矿业,000655.sz,2015-04-13,强烈控盘,13.47
000656,金科股份,000656.sz,2015-04-13,强烈控盘,24.9
000657,中钨高新,000657.sz,2015-04-13,强烈控盘,17.93
000661,长春高新,000661.sz,2015-04-13,强烈控盘,101.06
000662,索芙特,000662.sz,2015-04-13,强烈控盘,12.29
000663,永安林业,000663.sz,2014-12-23,微弱控盘,13.74
000665,湖北广电,000665.sz,2015-04-13,强烈控盘,18.15
000666,经纬纺机,000666.sz,2015-04-13,强烈控盘,20.14
000667,美好集团,000667.sz,2015-04-13,强烈控盘,4.54
000668,荣丰控股,000668.sz,2015-04-13,强烈控盘,13.86
000669,金鸿能源,000669.sz,2015-04-13,中度控盘,28.86
000670,盈方微,000670.sz,2015-04-13,强烈控盘,14.3
000671,阳 光 城,000671.sz,2015-03-25,强烈控盘,13.53
000672,上峰水泥,000672.sz,2015-04-13,强烈控盘,9.9
000673,当代东方,000673.sz,2015-04-13,强烈控盘,20.67
000677,*ST海龙,000677.sz,2014-12-11,强烈控盘,5.19
000678,襄阳轴承,000678.sz,2015-04-13,强烈控盘,7.67
000679,大连友谊,000679.sz,2015-04-13,强烈控盘,8.57
000680,山推股份,000680.sz,2015-04-13,强烈控盘,9.85
000681,视觉中国,000681.sz,2015-04-13,强烈控盘,35.32
000682,东方电子,000682.sz,2015-04-13,强烈控盘,6.43
000683,远兴能源,000683.sz,2015-04-13,强烈控盘,6.07
000685,中山公用,000685.sz,2015-04-13,强烈控盘,22.97
000686,东北证券,000686.sz,2015-04-13,强烈控盘,21.28
000687,恒天天鹅,000687.sz,2014-09-04,中度控盘,4.99
000688,建新矿业,000688.sz,2015-04-13,强烈控盘,9.09
000690,宝新能源,000690.sz,2015-04-13,强烈控盘,7.21
000691,亚太实业,000691.sz,2015-04-13,强烈控盘,7.47
000692,惠天热电,000692.sz,2015-01-30,中度控盘,4.75
000693,华泽钴镍,000693.sz,2015-04-13,中度控盘,24.29
000695,滨海能源,000695.sz,2015-04-13,强烈控盘,17.07
000697,炼石有色,000697.sz,2015-04-13,强烈控盘,25.28
000698,沈阳化工,000698.sz,2015-04-13,强烈控盘,7.24
000700,模塑科技,000700.sz,2015-04-13,强烈控盘,17.76
000701,厦门信达,000701.sz,2015-04-13,强烈控盘,17.58
000702,正虹科技,000702.sz,2015-04-13,强烈控盘,10.39
000703,恒逸石化,000703.sz,2015-04-13,强烈控盘,9.69
000705,浙江震元,000705.sz,2015-04-13,强烈控盘,13.39
000707,双环科技,000707.sz,2015-04-13,强烈控盘,6.4
000708,大冶特钢,000708.sz,2015-04-13,强烈控盘,11.5
000709,河北钢铁,000709.sz,2015-04-13,强烈控盘,3.87
000710,天兴仪表,000710.sz,2015-04-13,强烈控盘,16.18
000711,*ST京蓝,000711.sz,2015-04-13,中度控盘,16.36
000712,锦龙股份,000712.sz,2015-04-13,强烈控盘,42.26
000713,丰乐种业,000713.sz,2015-04-13,强烈控盘,12.09
000715,中兴商业,000715.sz,2014-08-18,强烈控盘,9.91
000716,黑芝麻,000716.sz,2015-04-13,强烈控盘,16.26
000717,韶钢松山,000717.sz,2015-04-13,强烈控盘,5.61
000718,苏宁环球,000718.sz,2015-04-13,强烈控盘,7.35
000720,新能泰山,000720.sz,2015-04-13,强烈控盘,7.58
000721,西安饮食,000721.sz,2015-04-13,强烈控盘,6.92
000722,湖南发展,000722.sz,2015-04-13,强烈控盘,14.48
000723,美锦能源,000723.sz,2015-04-13,强烈控盘,9.42
000725,京东方Ａ,000725.sz,2015-04-13,强烈控盘,3.9
000726,鲁  泰Ａ,000726.sz,2015-04-13,强烈控盘,12.58
000727,华东科技,000727.sz,2015-04-13,强烈控盘,9.79
000728,国元证券,000728.sz,2015-04-13,强烈控盘,33.96
000729,燕京啤酒,000729.sz,2015-04-13,强烈控盘,7.93
000731,四川美丰,000731.sz,2015-04-13,强烈控盘,11.07
000732,泰禾集团,000732.sz,2015-04-13,强烈控盘,19.12
000733,振华科技,000733.sz,2015-04-13,强烈控盘,22.09
000735,罗 牛 山,000735.sz,2015-04-13,高度控盘,8.89
000736,中房地产,000736.sz,2015-04-13,强烈控盘,12.29
000737,南风化工,000737.sz,2015-04-13,强烈控盘,5.99
000738,中航动控,000738.sz,2015-04-13,强烈控盘,19.91
000739,普洛药业,000739.sz,2015-04-03,强烈控盘,9.31
000748,长城信息,000748.sz,2015-04-13,强烈控盘,39.62
000750,国海证券,000750.sz,2015-04-13,强烈控盘,18.2
000751,锌业股份,000751.sz,2015-04-13,强烈控盘,7.48
000752,西藏发展,000752.sz,2015-04-13,强烈控盘,17.79
000753,漳州发展,000753.sz,2015-04-13,强烈控盘,10.05
000756,新华制药,000756.sz,2015-04-13,强烈控盘,10.74
000757,浩物股份,000757.sz,2015-04-13,强烈控盘,9.34
000758,中色股份,000758.sz,2015-04-13,强烈控盘,18.3
000759,中百集团,000759.sz,2015-04-13,强烈控盘,8.78
000760,斯太尔,000760.sz,2015-04-13,强烈控盘,15.79
000761,本钢板材,000761.sz,2015-04-13,强烈控盘,5.5
000762,西藏矿业,000762.sz,2015-04-13,强烈控盘,17.61
000766,通化金马,000766.sz,2015-03-19,强烈控盘,7.54
000767,漳泽电力,000767.sz,2015-04-13,高度控盘,5.89
000768,中航飞机,000768.sz,2015-04-13,高度控盘,24.84
000776,广发证券,000776.sz,2015-04-13,强烈控盘,24.37
000777,中核科技,000777.sz,2015-04-13,高度控盘,36.94
000778,新兴铸管,000778.sz,2015-04-13,强烈控盘,6.04
000780,平庄能源,000780.sz,2015-04-13,强烈控盘,6.37
000782,美达股份,000782.sz,2015-04-13,强烈控盘,11.47
000783,长江证券,000783.sz,2015-04-13,强烈控盘,15.62
000785,武汉中商,000785.sz,2015-04-13,强烈控盘,10.55
000786,北新建材,000786.sz,2015-04-09,强烈控盘,27.98
000788,北大医药,000788.sz,2015-04-13,强烈控盘,17.83
000789,万年青,000789.sz,2015-04-13,强烈控盘,14.79
000790,华神集团,000790.sz,2015-04-13,强烈控盘,14.05
000791,甘肃电投,000791.sz,2015-04-13,中度控盘,14.48
000792,盐湖股份,000792.sz,2015-04-13,强烈控盘,24.76
000793,华闻传媒,000793.sz,2015-04-08,强烈控盘,14.92
000795,太原刚玉,000795.sz,2015-04-13,强烈控盘,11.86
000796,易食股份,000796.sz,2014-09-01,强烈控盘,6.52
000797,中国武夷,000797.sz,2015-04-13,强烈控盘,18.97
000798,中水渔业,000798.sz,2015-04-13,强烈控盘,11.07
000799,酒 鬼 酒,000799.sz,2015-04-13,强烈控盘,17.71
000800,一汽轿车,000800.sz,2015-04-13,高度控盘,17.08
000801,四川九洲,000801.sz,2015-04-13,强烈控盘,21.72
000802,北京文化,000802.sz,2015-04-13,强烈控盘,17.07
000803,金宇车城,000803.sz,2015-04-13,强烈控盘,16.42
000806,银河投资,000806.sz,2015-04-13,强烈控盘,11.47
000807,云铝股份,000807.sz,2015-04-13,强烈控盘,7.81
000809,铁岭新城,000809.sz,2015-04-13,强烈控盘,12.7
000810,创维数字,000810.sz,2015-04-13,强烈控盘,29.01
000811,烟台冰轮,000811.sz,2015-04-13,强烈控盘,13.77
000812,陕西金叶,000812.sz,2015-04-13,强烈控盘,12.5
000813,天山纺织,000813.sz,2015-04-13,强烈控盘,9.31
000815,美利纸业,000815.sz,2015-04-13,强烈控盘,12.03
000816,江淮动力,000816.sz,2015-04-13,强烈控盘,9.88
000818,方大化工,000818.sz,2015-04-13,强烈控盘,5.3
000819,岳阳兴长,000819.sz,2015-04-13,强烈控盘,22.02
000820,金城股份,000820.sz,2015-04-13,强烈控盘,11.33
000821,京山轻机,000821.sz,2015-04-13,强烈控盘,16.33
000823,超声电子,000823.sz,2015-04-13,强烈控盘,13.81
000825,太钢不锈,000825.sz,2015-04-13,强烈控盘,5
000826,桑德环境,000826.sz,2015-04-13,高度控盘,27.19
000828,东莞控股,000828.sz,2015-04-13,强烈控盘,8.09
000829,天音控股,000829.sz,2015-04-13,强烈控盘,15.3
000830,鲁西化工,000830.sz,2015-04-13,强烈控盘,6.12
000831,五矿稀土,000831.sz,2015-04-13,轻度控盘,33.26
000833,贵糖股份,000833.sz,2015-04-13,强烈控盘,10.54
000835,长城动漫,000835.sz,2015-04-13,强烈控盘,15.91
000836,鑫茂科技,000836.sz,2015-04-13,强烈控盘,11.72
000837,秦川机床,000837.sz,2015-04-13,强烈控盘,14.12
000838,国兴地产,000838.sz,2015-04-13,强烈控盘,13.42
000839,中信国安,000839.sz,2015-04-13,强烈控盘,16.15
000848,承德露露,000848.sz,2015-04-13,强烈控盘,22.62
000850,华茂股份,000850.sz,2015-04-13,强烈控盘,8.54
000851,高鸿股份,000851.sz,2015-04-13,强烈控盘,17.58
000852,江钻股份,000852.sz,2015-04-13,强烈控盘,26.64
000856,冀东装备,000856.sz,2015-04-13,强烈控盘,11.87
000858,五 粮 液,000858.sz,2015-04-13,强烈控盘,21.48
000859,国风塑业,000859.sz,2015-04-13,强烈控盘,7.45
000860,顺鑫农业,000860.sz,2015-03-04,强烈控盘,20.88
000861,海印股份,000861.sz,2015-04-13,强烈控盘,13.71
000862,银星能源,000862.sz,2015-04-13,强烈控盘,9.24
000863,三湘股份,000863.sz,2015-02-12,中度控盘,7.3
000868,安凯客车,000868.sz,2015-04-13,强烈控盘,8.26
000869,张  裕Ａ,000869.sz,2015-04-13,强烈控盘,35.04
000875,吉电股份,000875.sz,2015-04-13,强烈控盘,7.26
000876,新 希 望,000876.sz,2015-04-13,强烈控盘,18.56
000877,天山股份,000877.sz,2015-04-13,强烈控盘,11.43
000878,云南铜业,000878.sz,2015-04-13,强烈控盘,14.24
000880,潍柴重机,000880.sz,2015-04-13,强烈控盘,14.94
000881,大连国际,000881.sz,2015-04-13,强烈控盘,10.55
000882,华联股份,000882.sz,2015-04-13,强烈控盘,4.54
000883,湖北能源,000883.sz,2014-11-17,强烈控盘,4.37
000885,同力水泥,000885.sz,2015-04-13,强烈控盘,9.3
000886,海南高速,000886.sz,2015-04-13,强烈控盘,5.51
000887,中鼎股份,000887.sz,2015-04-13,强烈控盘,17.7
000888,峨眉山Ａ,000888.sz,2015-04-13,强烈控盘,22.46
000889,茂业物流,000889.sz,2015-01-06,微弱控盘,10.32
000890,法 尔 胜,000890.sz,2015-04-13,强烈控盘,9.97
000892,星美联合,000892.sz,2015-04-13,强烈控盘,8.88
000893,东凌粮油,000893.sz,2015-04-13,强烈控盘,16.11
000895,双汇发展,000895.sz,2015-04-13,强烈控盘,33.98
000897,津滨发展,000897.sz,2015-04-13,高度控盘,8.38
000898,鞍钢股份,000898.sz,2015-04-13,强烈控盘,5.38
000899,赣能股份,000899.sz,2015-04-13,强烈控盘,8.32
000900,现代投资,000900.sz,2015-04-13,强烈控盘,7.5
000901,航天科技,000901.sz,2015-04-13,高度控盘,34.29
000902,新洋丰,000902.sz,2015-04-13,强烈控盘,19.11
000903,云内动力,000903.sz,2015-04-13,强烈控盘,7.97
000905,厦门港务,000905.sz,2015-04-13,强烈控盘,19.16
000906,物产中拓,000906.sz,2015-04-13,强烈控盘,19.15
000908,景峰医药,000908.sz,2015-04-13,强烈控盘,17.68
000909,数源科技,000909.sz,2015-04-13,强烈控盘,11.46
000910,大亚科技,000910.sz,2015-04-13,强烈控盘,11.12
000911,南宁糖业,000911.sz,2015-04-13,强烈控盘,11.88
000912,*ST天化,000912.sz,2015-03-17,强烈控盘,8.45
000913,钱江摩托,000913.sz,2015-04-13,强烈控盘,7.61
000915,山大华特,000915.sz,2015-04-13,强烈控盘,33.99
000916,华北高速,000916.sz,2015-04-13,强烈控盘,5.77
000917,电广传媒,000917.sz,2015-04-13,强烈控盘,23.93
000918,嘉凯城,000918.sz,2015-04-13,强烈控盘,5.06
000919,金陵药业,000919.sz,2015-04-13,强烈控盘,16.6
000920,南方汇通,000920.sz,2015-04-13,强烈控盘,19.44
000921,海信科龙,000921.sz,2015-04-13,强烈控盘,9.82
000922,佳电股份,000922.sz,2015-04-13,强烈控盘,17.04
000923,河北宣工,000923.sz,2015-04-13,强烈控盘,15.59
000925,众合科技,000925.sz,2015-04-13,轻度控盘,24.23
000926,福星股份,000926.sz,2015-04-07,强烈控盘,11.88
000927,*ST夏利,000927.sz,2015-04-13,强烈控盘,6.45
000928,中钢国际,000928.sz,2015-04-07,强烈控盘,14.79
000929,兰州黄河,000929.sz,2015-04-13,强烈控盘,12.55
000930,中粮生化,000930.sz,2015-04-13,强烈控盘,9.75
000931,中 关 村,000931.sz,2015-04-13,强烈控盘,10.97
000932,华菱钢铁,000932.sz,2015-04-13,强烈控盘,3.64
000933,神火股份,000933.sz,2015-04-13,强烈控盘,5.99
000935,四川双马,000935.sz,2015-04-13,强烈控盘,8.15
000936,华西股份,000936.sz,2015-04-13,强烈控盘,7.39
000937,冀中能源,000937.sz,2015-04-13,强烈控盘,8.27
000938,紫光股份,000938.sz,2014-12-19,微弱控盘,28.11
000939,凯迪电力,000939.sz,2015-04-13,强烈控盘,12.52
000948,南天信息,000948.sz,2015-04-13,强烈控盘,23.39
000949,新乡化纤,000949.sz,2015-04-13,强烈控盘,5.41
000950,建峰化工,000950.sz,2015-04-13,强烈控盘,6.71
000951,中国重汽,000951.sz,2015-04-13,强烈控盘,18.61
000952,广济药业,000952.sz,2015-04-13,强烈控盘,15.49
000953,河池化工,000953.sz,2015-04-13,强烈控盘,8.45
000955,欣龙控股,000955.sz,2015-04-13,强烈控盘,6.93
000957,中通客车,000957.sz,2015-04-13,强烈控盘,16.85
000958,东方能源,000958.sz,2015-04-13,强烈控盘,18.73
000959,首钢股份,000959.sz,2015-04-13,强烈控盘,5.02
000960,锡业股份,000960.sz,2015-04-13,强烈控盘,20.14
000961,中南建设,000961.sz,2015-04-10,强烈控盘,12.11
000962,东方钽业,000962.sz,2015-04-13,强烈控盘,13.18
000963,华东医药,000963.sz,2015-04-13,强烈控盘,53.75
000965,天保基建,000965.sz,2015-04-13,强烈控盘,9.54
000966,长源电力,000966.sz,2015-04-13,强烈控盘,12.36
000968,煤 气 化,000968.sz,2014-12-29,中度控盘,8.6
000969,安泰科技,000969.sz,2015-01-16,微弱控盘,9.66
000970,中科三环,000970.sz,2015-04-13,强烈控盘,18.76
000971,蓝鼎控股,000971.sz,2015-04-13,中度控盘,9.94
000972,新中基,000972.sz,2015-04-13,强烈控盘,6.97
000973,佛塑科技,000973.sz,2015-04-13,强烈控盘,8.34
000975,银泰资源,000975.sz,2015-04-13,中度控盘,16.85
000976,*ST春晖,000976.sz,2015-04-13,强烈控盘,7.72
000978,桂林旅游,000978.sz,2015-01-09,中度控盘,8.94
000979,中弘股份,000979.sz,2015-04-13,强烈控盘,6.44
000980,金马股份,000980.sz,2015-04-13,强烈控盘,7.33
000981,银亿股份,000981.sz,2015-04-13,强烈控盘,11.3
000983,西山煤电,000983.sz,2015-04-13,强烈控盘,8.1
000985,大庆华科,000985.sz,2015-04-13,强烈控盘,17.99
000987,广州友谊,000987.sz,2015-04-13,强烈控盘,24.84
000988,华工科技,000988.sz,2015-04-13,强烈控盘,14.7
000989,九 芝 堂,000989.sz,2015-01-20,强烈控盘,17.88
000990,诚志股份,000990.sz,2015-02-27,强烈控盘,15.2
000993,闽东电力,000993.sz,2015-04-13,强烈控盘,9.59
000995,皇台酒业,000995.sz,2014-12-12,微弱控盘,13.03
000996,中国中期,000996.sz,2014-12-05,强烈控盘,24.72
000997,新 大 陆,000997.sz,2015-04-13,中度控盘,37.13
000998,隆平高科,000998.sz,2015-04-13,中度控盘,22.05
000999,华润三九,000999.sz,2015-04-13,强烈控盘,24.1
001696,宗申动力,001696.sz,2015-04-13,强烈控盘,15.12
001896,豫能控股,001896.sz,2015-04-13,强烈控盘,9.95
002001,新 和 成,002001.sz,2015-04-13,强烈控盘,16.44
002002,鸿达兴业,002002.sz,2015-04-13,强烈控盘,13.98
002003,伟星股份,002003.sz,2015-04-13,强烈控盘,12.28
002004,华邦颖泰,002004.sz,2015-04-08,强烈控盘,29.07
002005,德豪润达,002005.sz,2015-04-13,强烈控盘,9.7
002007,华兰生物,002007.sz,2015-04-13,强烈控盘,37.23
002008,大族激光,002008.sz,2015-04-13,强烈控盘,21.19
002009,天奇股份,002009.sz,2015-04-13,强烈控盘,24.89
002010,传化股份,002010.sz,2014-12-31,微弱控盘,9.58
002011,盾安环境,002011.sz,2015-03-26,强烈控盘,11.48
002012,凯恩股份,002012.sz,2015-04-13,强烈控盘,8.56
002013,中航机电,002013.sz,2015-04-13,强烈控盘,27.64
002014,永新股份,002014.sz,2015-04-10,强烈控盘,10.98
002016,世荣兆业,002016.sz,2015-04-13,强烈控盘,11.08
002017,东信和平,002017.sz,2015-04-13,强烈控盘,19.53
002018,华信国际,002018.sz,2015-04-13,强烈控盘,14.3
002019,亿帆鑫富,002019.sz,2015-04-13,强烈控盘,30.39
002020,京新药业,002020.sz,2015-04-13,强烈控盘,21.88
002022,科华生物,002022.sz,2015-04-13,强烈控盘,28.96
002023,海特高新,002023.sz,2015-04-13,强烈控盘,32.43
002024,苏宁云商,002024.sz,2015-04-13,强烈控盘,12.17
002025,航天电器,002025.sz,2015-04-13,强烈控盘,23.01
002026,山东威达,002026.sz,2015-04-13,强烈控盘,12.8
002027,七喜控股,002027.sz,2015-04-13,强烈控盘,12.28
002028,思源电气,002028.sz,2015-04-13,强烈控盘,16.8
002029,七 匹 狼,002029.sz,2015-04-13,强烈控盘,12.66
002030,达安基因,002030.sz,2015-04-13,强烈控盘,38.92
002031,巨轮股份,002031.sz,2015-04-13,强烈控盘,17.19
002032,苏 泊 尔,002032.sz,2015-04-13,强烈控盘,16.64
002033,丽江旅游,002033.sz,2015-04-13,强烈控盘,17.59
002034,美 欣 达,002034.sz,2015-04-13,强烈控盘,26.84
002035,华帝股份,002035.sz,2015-04-08,强烈控盘,14.22
002036,汉麻产业,002036.sz,2015-01-19,微弱控盘,8.76
002037,久联发展,002037.sz,2015-02-02,强烈控盘,16.06
002038,双鹭药业,002038.sz,2015-04-13,强烈控盘,47.09
002039,黔源电力,002039.sz,2015-04-13,强烈控盘,14.64
002040,南 京 港,002040.sz,2015-04-13,强烈控盘,15.18
002041,登海种业,002041.sz,2015-04-13,强烈控盘,36.08
002042,华孚色纺,002042.sz,2015-04-13,强烈控盘,6.33
002043,兔 宝 宝,002043.sz,2015-04-13,强烈控盘,8.19
002044,江苏三友,002044.sz,2015-04-13,强烈控盘,9.66
002045,国光电器,002045.sz,2015-04-13,强烈控盘,8.81
002046,轴研科技,002046.sz,2015-04-13,强烈控盘,12.18
002047,宝鹰股份,002047.sz,2015-03-25,强烈控盘,8.78
002048,宁波华翔,002048.sz,2015-04-13,强烈控盘,17.63
002049,同方国芯,002049.sz,2015-03-25,强烈控盘,35.65
002050,三花股份,002050.sz,2015-04-13,强烈控盘,16.79
002051,中工国际,002051.sz,2015-04-13,强烈控盘,28.99
002052,同洲电子,002052.sz,2015-04-13,强烈控盘,12.68
002053,云南盐化,002053.sz,2015-04-13,强烈控盘,19.33
002054,德美化工,002054.sz,2015-04-13,强烈控盘,10.7
002055,得润电子,002055.sz,2015-04-13,强烈控盘,26.41
002056,横店东磁,002056.sz,2015-04-13,强烈控盘,25.72
002057,中钢天源,002057.sz,2015-02-17,中度控盘,13.16
002058,威 尔 泰,002058.sz,2015-04-13,强烈控盘,14.69
002059,云南旅游,002059.sz,2015-04-13,强烈控盘,14.38
002060,粤 水 电,002060.sz,2015-04-13,强烈控盘,8.19
002061,江山化工,002061.sz,2015-04-13,强烈控盘,9.01
002062,宏润建设,002062.sz,2015-04-13,强烈控盘,6.3
002063,远光软件,002063.sz,2015-04-13,强烈控盘,36.26
002064,华峰氨纶,002064.sz,2015-04-13,强烈控盘,14.29
002065,东华软件,002065.sz,2015-04-13,强烈控盘,28.62
002066,瑞泰科技,002066.sz,2015-04-13,强烈控盘,14.76
002067,景兴纸业,002067.sz,2015-04-13,强烈控盘,4.91
002068,黑猫股份,002068.sz,2015-04-13,强烈控盘,9.08
002069,獐 子 岛,002069.sz,2015-04-13,强烈控盘,13.79
002071,长城影视,002071.sz,2015-04-13,高度控盘,24.02
002073,软控股份,002073.sz,2015-04-13,强烈控盘,18.15
002074,东源电器,002074.sz,2015-04-13,强烈控盘,27.25
002075,沙钢股份,002075.sz,2015-04-13,强烈控盘,9.06
002076,雪 莱 特,002076.sz,2015-04-03,强烈控盘,15.11
002077,大港股份,002077.sz,2015-04-13,强烈控盘,11.58
002078,太阳纸业,002078.sz,2015-04-13,强烈控盘,5
002079,苏州固锝,002079.sz,2015-04-13,强烈控盘,10.07
002080,中材科技,002080.sz,2015-04-13,强烈控盘,16.54
002081,金 螳 螂,002081.sz,2015-04-13,强烈控盘,22.88
002082,栋梁新材,002082.sz,2015-04-13,强烈控盘,12.01
002083,孚日股份,002083.sz,2015-04-13,强烈控盘,6.27
002084,海鸥卫浴,002084.sz,2015-04-13,中度控盘,14.38
002085,万丰奥威,002085.sz,2015-04-13,强烈控盘,29.46
002086,东方海洋,002086.sz,2015-04-13,强烈控盘,15.66
002087,新野纺织,002087.sz,2015-04-13,强烈控盘,6.05
002088,鲁阳股份,002088.sz,2015-04-13,强烈控盘,13.61
002089,新 海 宜,002089.sz,2015-03-17,强烈控盘,14.64
002090,金智科技,002090.sz,2015-04-13,强烈控盘,24.34
002091,江苏国泰,002091.sz,2015-04-13,强烈控盘,18.91
002092,中泰化学,002092.sz,2015-04-13,强烈控盘,9.37
002093,国脉科技,002093.sz,2015-04-13,强烈控盘,12.32
002094,青岛金王,002094.sz,2015-04-13,强烈控盘,17.45
002095,生 意 宝,002095.sz,2015-04-13,轻度控盘,80.03
002096,南岭民爆,002096.sz,2015-04-13,强烈控盘,16.28
002097,山河智能,002097.sz,2015-04-13,强烈控盘,13.44
002098,浔兴股份,002098.sz,2015-04-13,强烈控盘,20.11
002099,海翔药业,002099.sz,2015-04-13,强烈控盘,15.9
002100,天康生物,002100.sz,2015-04-13,强烈控盘,14.58
002101,广东鸿图,002101.sz,2015-04-13,强烈控盘,23.52
002102,冠福股份,002102.sz,2015-04-13,强烈控盘,12.12
002103,广博股份,002103.sz,2015-04-13,强烈控盘,20.52
002104,恒宝股份,002104.sz,2015-03-27,强烈控盘,18.9
002105,信隆实业,002105.sz,2015-04-13,强烈控盘,9.69
002107,沃华医药,002107.sz,2015-04-13,强烈控盘,35.35
002108,沧州明珠,002108.sz,2015-04-13,高度控盘,21.41
002109,兴化股份,002109.sz,2015-04-13,强烈控盘,7.56
002110,三钢闽光,002110.sz,2015-04-01,强烈控盘,6.72
002111,威海广泰,002111.sz,2015-04-13,强烈控盘,19.77
002112,三变科技,002112.sz,2015-04-13,强烈控盘,13.22
002113,天润控股,002113.sz,2015-04-13,高度控盘,19.77
002114,罗平锌电,002114.sz,2015-03-18,强烈控盘,17.67
002115,三维通信,002115.sz,2015-04-13,强烈控盘,13.15
002116,中国海诚,002116.sz,2015-04-13,强烈控盘,16.99
002117,东港股份,002117.sz,2015-04-13,强烈控盘,26.05
002120,新海股份,002120.sz,2015-04-13,强烈控盘,18.59
002121,科陆电子,002121.sz,2015-04-13,强烈控盘,24.97
002122,天马股份,002122.sz,2015-04-13,高度控盘,9.19
002124,天邦股份,002124.sz,2015-04-13,强烈控盘,15.74
002125,湘潭电化,002125.sz,2015-03-25,强烈控盘,11.98
002126,银轮股份,002126.sz,2015-04-13,强烈控盘,17.5
002128,露天煤业,002128.sz,2015-04-13,强烈控盘,10.18
002129,中环股份,002129.sz,2015-04-13,强烈控盘,27.79
002130,沃尔核材,002130.sz,2015-04-13,强烈控盘,17.65
002131,利欧股份,002131.sz,2015-02-12,高度控盘,24.84
002132,恒星科技,002132.sz,2015-04-08,强烈控盘,9.1
002133,广宇集团,002133.sz,2015-04-13,强烈控盘,7.09
002135,东南网架,002135.sz,2015-04-13,强烈控盘,8.04
002136,安 纳 达,002136.sz,2015-04-13,强烈控盘,13
002137,实 益 达,002137.sz,2015-03-19,强烈控盘,8.8
002138,顺络电子,002138.sz,2015-04-13,强烈控盘,17.2
002139,拓邦股份,002139.sz,2015-04-13,强烈控盘,20.46
002140,东华科技,002140.sz,2015-04-13,强烈控盘,20.33
002141,蓉胜超微,002141.sz,2015-04-13,强烈控盘,16.1
002142,宁波银行,002142.sz,2015-04-13,强烈控盘,16.78
002143,印纪传媒,002143.sz,2015-04-13,强烈控盘,23.37
002144,宏达高科,002144.sz,2015-04-13,强烈控盘,26.46
002145,中核钛白,002145.sz,2015-04-13,强烈控盘,16.81
002146,荣盛发展,002146.sz,2015-04-13,强烈控盘,17.5
002147,方圆支承,002147.sz,2015-04-13,强烈控盘,11.73
002148,北纬通信,002148.sz,2015-04-13,强烈控盘,29.54
002149,西部材料,002149.sz,2015-04-13,强烈控盘,19.79
002150,通润装备,002150.sz,2015-04-13,强烈控盘,11.86
002151,北斗星通,002151.sz,2015-04-13,高度控盘,46.88
002153,石基信息,002153.sz,2015-04-13,中度控盘,94.22
002154,报 喜 鸟,002154.sz,2015-04-13,强烈控盘,14.58
002155,辰州矿业,002155.sz,2015-04-13,高度控盘,11.23
002156,通富微电,002156.sz,2015-04-13,强烈控盘,11.04
002157,正邦科技,002157.sz,2015-04-13,强烈控盘,11.87
002158,汉钟精机,002158.sz,2015-04-13,强烈控盘,19.89
002159,三特索道,002159.sz,2015-01-14,微弱控盘,22.41
002161,远 望 谷,002161.sz,2015-03-25,强烈控盘,12.79
002162,斯米克,002162.sz,2015-04-13,强烈控盘,7.8
002165,红 宝 丽,002165.sz,2015-04-13,强烈控盘,7.87
002166,莱茵生物,002166.sz,2015-04-13,强烈控盘,30.22
002167,东方锆业,002167.sz,2015-04-13,强烈控盘,17.53
002169,智光电气,002169.sz,2015-03-02,强烈控盘,12.77
002170,芭田股份,002170.sz,2015-04-13,强烈控盘,13.37
002171,精诚铜业,002171.sz,2014-11-21,轻度控盘,12.41
002172,澳洋科技,002172.sz,2015-04-13,强烈控盘,9.95
002173,千足珍珠,002173.sz,2014-11-28,轻度控盘,12.98
002174,游族网络,002174.sz,2015-04-13,强烈控盘,53.4
002175,广陆数测,002175.sz,2015-04-13,强烈控盘,53.37
002176,江特电机,002176.sz,2015-01-26,高度控盘,15.15
002177,御银股份,002177.sz,2015-04-13,强烈控盘,13.23
002178,延华智能,002178.sz,2015-04-13,强烈控盘,18.66
002179,中航光电,002179.sz,2015-04-13,强烈控盘,28.07
002181,粤 传 媒,002181.sz,2015-04-13,强烈控盘,23.01
002182,云海金属,002182.sz,2015-04-13,强烈控盘,16.8
002183,怡 亚 通,002183.sz,2015-04-13,强烈控盘,29.23
002184,海得控制,002184.sz,2015-04-13,强烈控盘,32.31
002185,华天科技,002185.sz,2015-04-13,强烈控盘,16.31
002186,全 聚 德,002186.sz,2015-04-13,强烈控盘,20.89
002187,广百股份,002187.sz,2015-04-13,强烈控盘,13.17
002188,新 嘉 联,002188.sz,2014-12-26,微弱控盘,12.23
002189,利达光电,002189.sz,2015-04-13,强烈控盘,31.04
002190,成飞集成,002190.sz,2015-04-13,强烈控盘,42.42
002191,劲嘉股份,002191.sz,2015-04-13,强烈控盘,19.5
002192,*ST路翔,002192.sz,2015-04-13,强烈控盘,24.57
002193,山东如意,002193.sz,2015-04-13,强烈控盘,14.14
002194,武汉凡谷,002194.sz,2015-04-13,强烈控盘,14.78
002195,二三四五,002195.sz,2015-04-13,强烈控盘,63.4
002196,方正电机,002196.sz,2015-03-13,强烈控盘,18.56
002197,证通电子,002197.sz,2015-04-13,强烈控盘,28.55
002198,嘉应制药,002198.sz,2015-04-13,强烈控盘,11.11
002199,东晶电子,002199.sz,2015-04-13,强烈控盘,13.04
002200,云投生态,002200.sz,2015-04-13,强烈控盘,20.43
002201,九鼎新材,002201.sz,2015-04-13,强烈控盘,11.86
002202,金风科技,002202.sz,2015-04-13,强烈控盘,16.56
002203,海亮股份,002203.sz,2015-04-13,强烈控盘,8.48
002204,大连重工,002204.sz,2015-04-13,高度控盘,13.77
002205,国统股份,002205.sz,2015-04-13,强烈控盘,21.6
002206,海 利 得,002206.sz,2015-04-13,强烈控盘,10.29
002207,准油股份,002207.sz,2015-04-13,强烈控盘,17.47
002208,合肥城建,002208.sz,2015-04-13,强烈控盘,15.19
002209,达 意 隆,002209.sz,2015-04-13,强烈控盘,13.07
002210,飞马国际,002210.sz,2015-04-13,强烈控盘,19.09
002211,宏达新材,002211.sz,2014-12-09,高度控盘,8.53
002212,南洋股份,002212.sz,2015-04-13,强烈控盘,9.74
002213,特 尔 佳,002213.sz,2015-03-24,强烈控盘,12.13
002214,大立科技,002214.sz,2015-04-13,强烈控盘,28.18
002215,诺 普 信,002215.sz,2015-04-13,强烈控盘,13.44
002216,三全食品,002216.sz,2015-04-13,强烈控盘,24.17
002218,拓日新能,002218.sz,2015-04-13,强烈控盘,11.63
002219,恒康医疗,002219.sz,2015-04-13,强烈控盘,26.6
002220,天宝股份,002220.sz,2015-04-13,强烈控盘,10.22
002221,东华能源,002221.sz,2015-04-13,强烈控盘,19.36
002222,福晶科技,002222.sz,2015-04-13,强烈控盘,12.62
002223,鱼跃医疗,002223.sz,2015-04-13,强烈控盘,33.54
002225,濮耐股份,002225.sz,2015-03-27,强烈控盘,8
002226,江南化工,002226.sz,2015-04-13,强烈控盘,16.39
002227,奥 特 迅,002227.sz,2015-04-13,强烈控盘,29.97
002228,合兴包装,002228.sz,2015-04-13,强烈控盘,14.02
002229,鸿博股份,002229.sz,2015-04-13,强烈控盘,29.8
002230,科大讯飞,002230.sz,2015-04-13,强烈控盘,49.56
002231,奥维通信,002231.sz,2015-03-23,强烈控盘,11.61
002232,启明信息,002232.sz,2015-04-13,强烈控盘,15.71
002233,塔牌集团,002233.sz,2015-04-13,强烈控盘,11.16
002235,安妮股份,002235.sz,2015-04-13,强烈控盘,24.08
002236,大华股份,002236.sz,2015-04-13,强烈控盘,33.95
002237,恒邦股份,002237.sz,2015-04-13,强烈控盘,24.58
002238,天威视讯,002238.sz,2015-04-13,强烈控盘,19.89
002239,金 飞 达,002239.sz,2015-04-01,强烈控盘,6.1
002240,威华股份,002240.sz,2015-04-13,高度控盘,18.48
002241,歌尔声学,002241.sz,2015-04-13,强烈控盘,30.59
002242,九阳股份,002242.sz,2015-04-13,强烈控盘,12.75
002243,通产丽星,002243.sz,2015-04-13,强烈控盘,9.32
002244,滨江集团,002244.sz,2015-04-13,强烈控盘,9.99
002245,澳洋顺昌,002245.sz,2015-04-13,强烈控盘,10.89
002246,北化股份,002246.sz,2015-04-13,强烈控盘,11.64
002247,帝龙新材,002247.sz,2015-04-13,强烈控盘,13.5
002249,大洋电机,002249.sz,2015-03-19,强烈控盘,7.43
002250,联化科技,002250.sz,2015-04-13,强烈控盘,18.87
002252,上海莱士,002252.sz,2015-04-13,强烈控盘,28.44
002253,川大智胜,002253.sz,2015-04-13,强烈控盘,36.68
002254,泰和新材,002254.sz,2015-04-13,强烈控盘,13.74
002255,海陆重工,002255.sz,2015-03-03,中度控盘,14.35
002256,彩虹精化,002256.sz,2015-04-13,强烈控盘,21.59
002258,利尔化学,002258.sz,2015-04-13,强烈控盘,17.69
002259,升达林业,002259.sz,2015-04-13,强烈控盘,7.4
002260,伊 立 浦,002260.sz,2015-04-13,强烈控盘,27.03
002261,拓维信息,002261.sz,2015-01-09,微弱控盘,20.14
002262,恩华药业,002262.sz,2015-04-13,强烈控盘,21.58
002263,大 东 南,002263.sz,2015-04-13,强烈控盘,8.37
002264,新 华 都,002264.sz,2015-03-10,高度控盘,8.31
002265,西仪股份,002265.sz,2015-04-13,强烈控盘,13.21
002266,浙富控股,002266.sz,2015-04-13,强烈控盘,11.79
002267,陕天然气,002267.sz,2015-04-13,强烈控盘,12.16
002268,卫 士 通,002268.sz,2015-04-13,强烈控盘,87.27
002269,美邦服饰,002269.sz,2015-04-13,强烈控盘,18.02
002270,法因数控,002270.sz,2015-04-13,强烈控盘,19.95
002271,东方雨虹,002271.sz,2015-04-13,强烈控盘,37.25
002272,川润股份,002272.sz,2015-04-13,强烈控盘,9.53
002273,水晶光电,002273.sz,2015-04-13,强烈控盘,24.46
002274,华昌化工,002274.sz,2015-04-13,强烈控盘,8.88
002275,桂林三金,002275.sz,2015-04-13,强烈控盘,18.48
002277,友阿股份,002277.sz,2015-04-13,强烈控盘,18.03
002278,神开股份,002278.sz,2015-04-13,强烈控盘,13.54
002279,久其软件,002279.sz,2015-04-13,高度控盘,32.86
002280,联络互动,002280.sz,2015-04-13,强烈控盘,34.35
002281,光迅科技,002281.sz,2015-04-13,强烈控盘,43.29
002282,博深工具,002282.sz,2015-04-13,强烈控盘,13.64
002283,天润曲轴,002283.sz,2015-04-13,强烈控盘,11.64
002284,亚太股份,002284.sz,2015-04-13,强烈控盘,19.2
002285,世联行,002285.sz,2015-04-13,强烈控盘,25.06
002286,保龄宝,002286.sz,2015-04-13,强烈控盘,10.38
002287,奇正藏药,002287.sz,2015-04-13,强烈控盘,22.62
002288,超华科技,002288.sz,2015-04-13,强烈控盘,13.84
002289,宇顺电子,002289.sz,2015-04-13,强烈控盘,22.64
002290,禾盛新材,002290.sz,2015-03-20,强烈控盘,13.88
002291,星期六,002291.sz,2015-04-13,强烈控盘,8.93
002292,奥飞动漫,002292.sz,2015-04-13,强烈控盘,40.4
002293,罗莱家纺,002293.sz,2015-04-13,强烈控盘,27.68
002294,信立泰,002294.sz,2015-04-13,强烈控盘,40.98
002295,精艺股份,002295.sz,2015-04-13,强烈控盘,11.86
002296,辉煌科技,002296.sz,2015-04-13,强烈控盘,20.28
002297,博云新材,002297.sz,2015-04-13,强烈控盘,17.77
002299,圣农发展,002299.sz,2015-04-13,强烈控盘,14.28
002300,太阳电缆,002300.sz,2015-04-13,强烈控盘,9.19
002301,齐心集团,002301.sz,2015-03-18,强烈控盘,11.17
002302,西部建设,002302.sz,2015-04-13,强烈控盘,19.84
002303,美盈森,002303.sz,2015-04-13,强烈控盘,21.74
002305,南国置业,002305.sz,2015-04-13,强烈控盘,7.86
002306,中科云网,002306.sz,2015-04-13,高度控盘,8.39
002307,北新路桥,002307.sz,2015-04-13,强烈控盘,16.31
002309,中利科技,002309.sz,2015-04-13,强烈控盘,24.99
002310,东方园林,002310.sz,2015-04-13,强烈控盘,24.18
002311,海大集团,002311.sz,2015-04-13,强烈控盘,13.45
002313,日海通讯,002313.sz,2015-04-13,强烈控盘,17.39
002314,雅致股份,002314.sz,2015-04-13,强烈控盘,6.77
002315,焦点科技,002315.sz,2015-04-13,强烈控盘,81.1
002316,键桥通讯,002316.sz,2015-02-16,高度控盘,10.68
002317,众生药业,002317.sz,2015-04-13,高度控盘,24.09
002318,久立特材,002318.sz,2015-04-13,高度控盘,40.21
002319,乐通股份,002319.sz,2015-01-16,微弱控盘,11.08
002320,海峡股份,002320.sz,2015-04-13,强烈控盘,13.59
002321,华英农业,002321.sz,2015-04-13,强烈控盘,10.02
002322,理工监测,002322.sz,2015-04-13,强烈控盘,18.34
002326,永太科技,002326.sz,2015-04-10,强烈控盘,49.27
002327,富安娜,002327.sz,2015-04-13,强烈控盘,18.05
002328,新朋股份,002328.sz,2015-04-13,强烈控盘,11.36
002329,皇氏集团,002329.sz,2015-04-13,强烈控盘,29.44
002330,得利斯,002330.sz,2015-04-13,强烈控盘,8.22
002331,皖通科技,002331.sz,2015-04-13,强烈控盘,18.08
002332,仙琚制药,002332.sz,2015-04-13,强烈控盘,13.8
002333,罗普斯金,002333.sz,2015-04-13,强烈控盘,13.58
002334,英威腾,002334.sz,2015-04-13,强烈控盘,22.14
002336,人人乐,002336.sz,2015-04-13,强烈控盘,12.42
002337,赛象科技,002337.sz,2015-04-13,强烈控盘,21.16
002338,奥普光电,002338.sz,2015-04-13,强烈控盘,48.51
002339,积成电子,002339.sz,2015-04-13,强烈控盘,21.68
002341,新纶科技,002341.sz,2015-04-13,强烈控盘,21.01
002342,巨力索具,002342.sz,2015-04-13,强烈控盘,7.75
002343,禾欣股份,002343.sz,2015-04-13,强烈控盘,16.86
002344,海宁皮城,002344.sz,2015-04-07,强烈控盘,18.62
002345,潮宏基,002345.sz,2015-04-13,强烈控盘,11.31
002346,柘中股份,002346.sz,2015-04-08,强烈控盘,14.68
002347,泰尔重工,002347.sz,2015-04-13,强烈控盘,14.8
002348,高乐股份,002348.sz,2015-04-13,强烈控盘,11.88
002349,精华制药,002349.sz,2015-02-17,强烈控盘,22.57
002350,北京科锐,002350.sz,2015-04-13,强烈控盘,13.36
002352,鼎泰新材,002352.sz,2015-04-13,强烈控盘,28.64
002353,杰瑞股份,002353.sz,2015-04-13,高度控盘,37.82
002354,天神娱乐,002354.sz,2015-04-13,强烈控盘,75.54
002355,兴民钢圈,002355.sz,2015-04-13,强烈控盘,7.85
002356,浩宁达,002356.sz,2015-04-13,强烈控盘,60.77
002358,森源电气,002358.sz,2015-03-24,强烈控盘,37.56
002359,齐星铁塔,002359.sz,2014-11-13,微弱控盘,6.93
002360,同德化工,002360.sz,2015-04-13,强烈控盘,9.58
002361,神剑股份,002361.sz,2014-12-31,微弱控盘,8.78
002362,汉王科技,002362.sz,2015-04-13,强烈控盘,30.63
002363,隆基机械,002363.sz,2015-04-13,高度控盘,26.52
002364,中恒电气,002364.sz,2015-03-24,强烈控盘,29.79
002366,丹甫股份,002366.sz,2015-04-13,强烈控盘,45.07
002367,康力电梯,002367.sz,2015-04-13,强烈控盘,15.09
002368,太极股份,002368.sz,2015-04-13,强烈控盘,56.91
002370,亚太药业,002370.sz,2015-04-13,强烈控盘,19.28
002371,七星电子,002371.sz,2015-04-13,强烈控盘,25.99
002372,伟星新材,002372.sz,2015-04-13,强烈控盘,15.88
002373,千方科技,002373.sz,2015-04-13,强烈控盘,42.2
002374,丽鹏股份,002374.sz,2015-04-13,强烈控盘,15.68
002375,亚厦股份,002375.sz,2015-04-13,强烈控盘,25.33
002376,新北洋,002376.sz,2015-03-02,强烈控盘,12.81
002377,国创高新,002377.sz,2015-04-13,强烈控盘,8.45
002378,章源钨业,002378.sz,2015-04-13,强烈控盘,22.94
002379,鲁丰环保,002379.sz,2015-04-13,强烈控盘,5.44
002380,科远股份,002380.sz,2015-04-13,强烈控盘,40.1
002381,双箭股份,002381.sz,2015-04-13,强烈控盘,18.25
002382,蓝帆医疗,002382.sz,2015-04-13,强烈控盘,22.53
002383,合众思壮,002383.sz,2015-04-13,强烈控盘,38.08
002384,东山精密,002384.sz,2015-04-13,强烈控盘,13.87
002385,大北农,002385.sz,2015-04-13,强烈控盘,22.53
002386,天原集团,002386.sz,2015-04-13,强烈控盘,10.27
002387,黑牛食品,002387.sz,2015-04-13,强烈控盘,19.46
002388,新亚制程,002388.sz,2015-04-13,强烈控盘,18.96
002389,南洋科技,002389.sz,2015-04-13,强烈控盘,15.42
002390,信邦制药,002390.sz,2015-02-13,高度控盘,22.79
002391,长青股份,002391.sz,2015-04-13,强烈控盘,19.44
002392,北京利尔,002392.sz,2015-04-13,强烈控盘,16.93
002393,力生制药,002393.sz,2015-04-13,强烈控盘,36.01
002394,联发股份,002394.sz,2015-04-13,强烈控盘,15.97
002395,双象股份,002395.sz,2015-04-13,强烈控盘,15.05
002396,星网锐捷,002396.sz,2015-04-13,强烈控盘,36.39
002397,梦洁家纺,002397.sz,2015-04-13,强烈控盘,13.05
002399,海普瑞,002399.sz,2015-04-13,强烈控盘,26.49
002400,省广股份,002400.sz,2015-04-13,强烈控盘,31.65
002401,中海科技,002401.sz,2015-04-13,强烈控盘,21.72
002402,和而泰,002402.sz,2015-04-13,强烈控盘,29.7
002403,爱仕达,002403.sz,2015-04-13,强烈控盘,15.55
002404,嘉欣丝绸,002404.sz,2015-04-13,强烈控盘,20.3
002405,四维图新,002405.sz,2015-04-13,强烈控盘,33.32
002407,多氟多,002407.sz,2015-04-13,强烈控盘,27.13
002408,齐翔腾达,002408.sz,2015-04-13,高度控盘,17.97
002410,广联达,002410.sz,2015-04-13,强烈控盘,34.32
002411,九九久,002411.sz,2014-09-26,强烈控盘,9.16
002412,汉森制药,002412.sz,2015-04-13,强烈控盘,18.07
002413,常发股份,002413.sz,2015-04-13,强烈控盘,22.06
002414,高德红外,002414.sz,2015-04-13,强烈控盘,27.12
002415,海康威视,002415.sz,2015-04-13,强烈控盘,24.18
002416,爱施德,002416.sz,2015-04-13,强烈控盘,16.33
002417,三元达,002417.sz,2015-02-06,强烈控盘,9.89
002418,康盛股份,002418.sz,2015-04-13,强烈控盘,20.96
002419,天虹商场,002419.sz,2015-04-13,强烈控盘,12.51
002420,毅昌股份,002420.sz,2015-04-13,强烈控盘,8.36
002421,达实智能,002421.sz,2015-01-07,轻度控盘,29.67
002422,科伦药业,002422.sz,2015-04-13,强烈控盘,35.57
002423,中原特钢,002423.sz,2015-04-13,强烈控盘,13.8
002424,贵州百灵,002424.sz,2015-04-13,强烈控盘,44.3
002425,凯撒股份,002425.sz,2015-04-13,强烈控盘,14.66
002426,胜利精密,002426.sz,2015-04-13,强烈控盘,13.23
002427,尤夫股份,002427.sz,2015-04-13,强烈控盘,14.71
002428,云南锗业,002428.sz,2015-04-13,强烈控盘,18.06
002429,兆驰股份,002429.sz,2015-04-13,强烈控盘,9.89
002430,杭氧股份,002430.sz,2015-04-13,强烈控盘,9.14
002431,棕榈园林,002431.sz,2015-04-13,强烈控盘,24.31
002433,太安堂,002433.sz,2015-04-13,强烈控盘,15.5
002434,万里扬,002434.sz,2015-04-13,强烈控盘,17.24
002435,长江润发,002435.sz,2015-04-13,强烈控盘,12.87
002436,兴森科技,002436.sz,2015-04-13,强烈控盘,35.07
002437,誉衡药业,002437.sz,2015-04-13,强烈控盘,28.82
002438,江苏神通,002438.sz,2015-04-13,高度控盘,28.39
002439,启明星辰,002439.sz,2015-04-13,强烈控盘,38.66
002440,闰土股份,002440.sz,2015-04-13,强烈控盘,27.39
002441,众业达,002441.sz,2015-04-13,强烈控盘,33.25
002442,龙星化工,002442.sz,2014-11-19,强烈控盘,6.91
002443,金洲管道,002443.sz,2015-04-13,强烈控盘,8.94
002444,巨星科技,002444.sz,2015-04-13,强烈控盘,14.73
002445,中南重工,002445.sz,2015-04-13,强烈控盘,22.77
002446,盛路通信,002446.sz,2015-01-09,微弱控盘,31.73
002447,壹桥海参,002447.sz,2015-04-13,强烈控盘,18.82
002449,国星光电,002449.sz,2015-04-13,强烈控盘,14.27
002451,摩恩电气,002451.sz,2015-04-13,强烈控盘,10.27
002453,天马精化,002453.sz,2015-04-13,强烈控盘,8.91
002454,松芝股份,002454.sz,2015-04-13,强烈控盘,19.82
002455,百川股份,002455.sz,2015-04-13,强烈控盘,18.57
002456,欧菲光,002456.sz,2015-04-13,强烈控盘,25.73
002457,青龙管业,002457.sz,2015-04-13,强烈控盘,12.72
002458,益生股份,002458.sz,2015-03-13,强烈控盘,12.88
002460,赣锋锂业,002460.sz,2015-04-13,强烈控盘,24.64
002461,珠江啤酒,002461.sz,2015-04-13,强烈控盘,14.71
002462,嘉事堂,002462.sz,2015-04-13,强烈控盘,37.3
002463,沪电股份,002463.sz,2015-04-13,强烈控盘,5.41
002464,金利科技,002464.sz,2015-01-23,微弱控盘,16.09
002465,海格通信,002465.sz,2015-04-13,强烈控盘,24.16
002466,天齐锂业,002466.sz,2015-04-13,强烈控盘,58.95
002467,二六三,002467.sz,2015-04-13,强烈控盘,23.79
002468,艾迪西,002468.sz,2015-04-13,强烈控盘,15.43
002469,三维工程,002469.sz,2015-04-13,强烈控盘,21.07
002471,中超电缆,002471.sz,2015-04-13,强烈控盘,14.39
002472,双环传动,002472.sz,2015-04-13,强烈控盘,18.39
002473,圣莱达,002473.sz,2015-04-13,高度控盘,26.98
002475,立讯精密,002475.sz,2015-04-13,强烈控盘,31.9
002476,宝莫股份,002476.sz,2015-01-05,微弱控盘,8.96
002477,雏鹰农牧,002477.sz,2015-04-13,强烈控盘,13.23
002478,常宝股份,002478.sz,2015-04-13,强烈控盘,13.48
002479,富春环保,002479.sz,2015-04-13,强烈控盘,11.45
002480,新筑股份,002480.sz,2015-04-13,强烈控盘,12.75
002481,双塔食品,002481.sz,2015-04-13,强烈控盘,18.01
002482,广田股份,002482.sz,2015-04-13,强烈控盘,19.54
002483,润邦股份,002483.sz,2015-04-13,强烈控盘,13.9
002484,江海股份,002484.sz,2015-04-13,强烈控盘,17.88
002485,希努尔,002485.sz,2015-04-13,强烈控盘,11.42
002486,嘉麟杰,002486.sz,2015-04-13,强烈控盘,6.24
002487,大金重工,002487.sz,2015-04-13,强烈控盘,8.89
002488,金固股份,002488.sz,2015-04-13,强烈控盘,39.81
002489,浙江永强,002489.sz,2015-04-13,强烈控盘,16.98
002490,山东墨龙,002490.sz,2015-04-13,强烈控盘,11.24
002491,通鼎互联,002491.sz,2015-01-16,微弱控盘,16.67
002492,恒基达鑫,002492.sz,2015-04-13,强烈控盘,12.55
002493,荣盛石化,002493.sz,2015-04-13,强烈控盘,13.63
002494,华斯股份,002494.sz,2015-04-13,强烈控盘,12.91
002496,辉丰股份,002496.sz,2015-04-13,中度控盘,30.11
002497,雅化集团,002497.sz,2015-04-13,强烈控盘,18.19
002498,汉缆股份,002498.sz,2015-03-26,强烈控盘,8.74
002499,科林环保,002499.sz,2015-04-13,强烈控盘,29.29
002500,山西证券,002500.sz,2015-04-13,强烈控盘,15.94
002501,利源精制,002501.sz,2015-04-13,中度控盘,18.58
002502,骅威股份,002502.sz,2015-03-31,强烈控盘,17.54
002503,搜于特,002503.sz,2015-04-13,强烈控盘,19.75
002505,大康牧业,002505.sz,2015-04-13,强烈控盘,10.04
002507,涪陵榨菜,002507.sz,2015-04-13,高度控盘,28.99
002508,老板电器,002508.sz,2015-04-13,强烈控盘,36.38
002509,天广消防,002509.sz,2014-08-18,强烈控盘,10.68
002510,天汽模,002510.sz,2015-04-13,强烈控盘,11.91
002511,中顺洁柔,002511.sz,2015-04-13,强烈控盘,11.35
002512,达华智能,002512.sz,2014-11-18,高度控盘,18.25
002513,蓝丰生化,002513.sz,2015-02-06,轻度控盘,11.68
002514,宝馨科技,002514.sz,2015-04-08,强烈控盘,16.65
002515,金字火腿,002515.sz,2015-04-13,强烈控盘,31.76
002516,江苏旷达,002516.sz,2015-04-13,强烈控盘,35.84
002517,泰亚股份,002517.sz,2014-12-31,中度控盘,13.8
002518,科士达,002518.sz,2015-04-13,强烈控盘,22.11
002519,银河电子,002519.sz,2015-04-07,强烈控盘,27.97
002520,日发精机,002520.sz,2015-03-30,强烈控盘,32.26
002521,齐峰新材,002521.sz,2015-04-13,强烈控盘,13.75
002522,浙江众成,002522.sz,2015-04-13,强烈控盘,24.9
002523,天桥起重,002523.sz,2015-04-13,强烈控盘,8.62
002524,光正集团,002524.sz,2015-04-13,强烈控盘,8.65
002526,山东矿机,002526.sz,2015-04-13,强烈控盘,11.57
002527,新时达,002527.sz,2015-04-13,强烈控盘,24.48
002529,海源机械,002529.sz,2015-03-20,高度控盘,13.92
002530,丰东股份,002530.sz,2015-04-13,强烈控盘,11.39
002532,新界泵业,002532.sz,2015-04-13,强烈控盘,13.68
002534,杭锅股份,002534.sz,2015-04-13,强烈控盘,19.16
002535,林州重机,002535.sz,2015-04-13,强烈控盘,11.83
002536,西泵股份,002536.sz,2015-04-13,强烈控盘,30.59
002537,海立美达,002537.sz,2015-04-13,强烈控盘,21.58
002538,司尔特,002538.sz,2015-04-13,强烈控盘,13.62
002539,新都化工,002539.sz,2015-04-13,强烈控盘,20.34
002540,亚太科技,002540.sz,2015-04-13,强烈控盘,16.47
002541,鸿路钢构,002541.sz,2015-04-13,强烈控盘,16
002542,中化岩土,002542.sz,2015-04-13,强烈控盘,16.72
002543,万和电气,002543.sz,2015-04-13,强烈控盘,14.3
002544,杰赛科技,002544.sz,2015-04-13,中度控盘,26.57
002545,东方铁塔,002545.sz,2015-04-13,强烈控盘,19.8
002546,新联电子,002546.sz,2015-04-13,强烈控盘,16.44
002547,春兴精工,002547.sz,2015-04-13,强烈控盘,20.13
002548,金新农,002548.sz,2015-02-02,轻度控盘,10.6
002549,凯美特气,002549.sz,2015-04-01,强烈控盘,16.72
002550,千红制药,002550.sz,2015-04-13,强烈控盘,29.01
002551,尚荣医疗,002551.sz,2015-04-07,强烈控盘,31.83
002552,宝鼎重工,002552.sz,2015-04-13,强烈控盘,11.16
002553,南方轴承,002553.sz,2015-04-13,强烈控盘,22.63
002554,惠博普,002554.sz,2015-04-13,强烈控盘,13.78
002555,顺荣三七,002555.sz,2015-02-17,强烈控盘,48.28
002556,辉隆股份,002556.sz,2015-04-13,强烈控盘,16.91
002557,洽洽食品,002557.sz,2015-04-13,强烈控盘,21.87
002558,世纪游轮,002558.sz,2014-10-24,强烈控盘,27.93
002559,亚威股份,002559.sz,2015-04-13,强烈控盘,30.1
002560,通达股份,002560.sz,2015-04-13,强烈控盘,21.89
002561,徐家汇,002561.sz,2015-04-13,强烈控盘,13.78
002562,兄弟科技,002562.sz,2015-04-13,强烈控盘,17.1
002563,森马服饰,002563.sz,2015-04-13,强烈控盘,37.83
002564,天沃科技,002564.sz,2015-04-13,强烈控盘,12.45
002565,上海绿新,002565.sz,2015-04-13,强烈控盘,9.62
002566,益盛药业,002566.sz,2015-04-13,强烈控盘,15.68
002567,唐人神,002567.sz,2015-04-13,强烈控盘,11.28
002568,百润股份,002568.sz,2015-04-03,强烈控盘,47.85
002569,步森股份,002569.sz,2015-01-30,中度控盘,18.24
002570,贝因美,002570.sz,2015-04-13,强烈控盘,18.38
002571,德力股份,002571.sz,2015-04-13,强烈控盘,14.36
002572,索菲亚,002572.sz,2015-04-13,强烈控盘,26.37
002573,国电清新,002573.sz,2015-04-13,强烈控盘,31.76
002574,明牌珠宝,002574.sz,2015-04-13,强烈控盘,13.95
002575,群兴玩具,002575.sz,2015-04-13,强烈控盘,10.19
002576,通达动力,002576.sz,2015-04-13,强烈控盘,23.77
002578,闽发铝业,002578.sz,2015-04-03,强烈控盘,26.84
002579,中京电子,002579.sz,2015-04-03,强烈控盘,19.79
002580,圣阳股份,002580.sz,2015-04-13,强烈控盘,26.38
002581,万昌科技,002581.sz,2015-04-13,强烈控盘,46.85
002582,好想你,002582.sz,2015-04-13,强烈控盘,24.1
002583,海能达,002583.sz,2015-04-13,强烈控盘,16.74
002584,西陇化工,002584.sz,2015-04-13,强烈控盘,27.54
002585,双星新材,002585.sz,2015-04-13,强烈控盘,15.38
002586,围海股份,002586.sz,2015-04-13,强烈控盘,16.26
002587,奥拓电子,002587.sz,2015-04-13,强烈控盘,21.85
002588,史丹利,002588.sz,2015-04-13,强烈控盘,43.25
002589,瑞康医药,002589.sz,2015-04-13,强烈控盘,46.34
002590,万安科技,002590.sz,2015-04-13,强烈控盘,17.21
002591,恒大高新,002591.sz,2015-04-13,强烈控盘,12.59
002592,八菱科技,002592.sz,2015-04-13,强烈控盘,22.74
002593,日上集团,002593.sz,2015-04-13,强烈控盘,16.96
002594,比亚迪,002594.sz,2015-04-13,强烈控盘,51.34
002595,豪迈科技,002595.sz,2015-04-13,强烈控盘,20.14
002596,海南瑞泽,002596.sz,2015-03-03,强烈控盘,11.82
002597,金禾实业,002597.sz,2015-04-13,强烈控盘,19.75
002598,山东章鼓,002598.sz,2015-01-14,微弱控盘,9.73
002599,盛通股份,002599.sz,2015-04-13,强烈控盘,21.98
002600,江粉磁材,002600.sz,2015-04-13,强烈控盘,9.91
002601,佰利联,002601.sz,2015-04-03,强烈控盘,28.32
002602,世纪华通,002602.sz,2014-12-04,中度控盘,26.5
002603,以岭药业,002603.sz,2015-04-13,强烈控盘,33.99
002604,龙力生物,002604.sz,2015-04-13,强烈控盘,16.64
002605,姚记扑克,002605.sz,2015-04-13,强烈控盘,22.91
002606,大连电瓷,002606.sz,2015-04-13,强烈控盘,19.26
002607,亚夏汽车,002607.sz,2015-03-11,强烈控盘,9.89
002608,舜天船舶,002608.sz,2015-04-13,强烈控盘,13
002609,捷顺科技,002609.sz,2015-04-13,强烈控盘,33.34
002610,爱康科技,002610.sz,2015-04-13,强烈控盘,24.85
002611,东方精工,002611.sz,2015-03-20,强烈控盘,14.82
002612,朗姿股份,002612.sz,2015-04-10,强烈控盘,31.15
002613,北玻股份,002613.sz,2015-04-13,强烈控盘,10.33
002614,蒙发利,002614.sz,2015-04-13,强烈控盘,19.37
002615,哈尔斯,002615.sz,2015-04-13,强烈控盘,32.85
002616,长青集团,002616.sz,2015-04-13,强烈控盘,32.95
002618,丹邦科技,002618.sz,2015-04-13,强烈控盘,34.77
002619,巨龙管业,002619.sz,2015-04-13,强烈控盘,27.71
002620,瑞和股份,002620.sz,2015-04-13,强烈控盘,20.45
002621,大连三垒,002621.sz,2015-04-13,强烈控盘,17.1
002622,永大集团,002622.sz,2015-04-13,强烈控盘,28.89
002623,亚玛顿,002623.sz,2015-04-13,强烈控盘,25.77
002624,金磊股份,002624.sz,2015-03-23,强烈控盘,22.05
002625,龙生股份,002625.sz,2015-04-13,强烈控盘,7.96
002626,金达威,002626.sz,2015-04-03,强烈控盘,26.5
002627,宜昌交运,002627.sz,2015-04-13,强烈控盘,18.45
002628,成都路桥,002628.sz,2015-04-13,强烈控盘,6.22
002629,仁智油服,002629.sz,2015-04-13,强烈控盘,10.91
002630,华西能源,002630.sz,2015-03-26,强烈控盘,20.47
002631,德尔家居,002631.sz,2015-04-13,强烈控盘,19.46
002632,道明光学,002632.sz,2015-04-13,强烈控盘,29.51
002633,*ST申科,002633.sz,2015-04-13,强烈控盘,23.54
002634,棒杰股份,002634.sz,2015-04-13,强烈控盘,21.13
002635,安洁科技,002635.sz,2015-04-13,强烈控盘,39.13
002636,金安国纪,002636.sz,2015-04-13,强烈控盘,21.13
002637,赞宇科技,002637.sz,2015-02-27,高度控盘,18.5
002638,勤上光电,002638.sz,2015-04-13,强烈控盘,17.35
002639,雪人股份,002639.sz,2015-04-13,强烈控盘,22.8
002640,百圆裤业,002640.sz,2015-04-13,强烈控盘,45.14
002641,永高股份,002641.sz,2015-04-13,强烈控盘,13.92
002642,荣之联,002642.sz,2015-04-13,高度控盘,56.58
002643,烟台万润,002643.sz,2015-04-13,强烈控盘,17.87
002644,佛慈制药,002644.sz,2015-04-13,强烈控盘,24.03
002645,华宏科技,002645.sz,2014-12-10,高度控盘,17.55
002646,青青稞酒,002646.sz,2015-04-13,强烈控盘,24.97
002648,卫星石化,002648.sz,2015-04-13,强烈控盘,14.29
002649,博彦科技,002649.sz,2015-04-13,高度控盘,55.42
002650,加加食品,002650.sz,2015-04-13,高度控盘,13.67
002651,利君股份,002651.sz,2015-04-13,中度控盘,26.87
002652,扬子新材,002652.sz,2015-04-13,强烈控盘,23.21
002653,海思科,002653.sz,2015-04-13,强烈控盘,23.38
002654,万润科技,002654.sz,2015-04-13,强烈控盘,18.59
002655,共达电声,002655.sz,2015-04-13,强烈控盘,12.69
002656,卡奴迪路,002656.sz,2015-03-13,强烈控盘,16.35
002657,中科金财,002657.sz,2015-04-13,强烈控盘,59.11
002658,雪迪龙,002658.sz,2015-04-13,强烈控盘,51.14
002659,中泰桥梁,002659.sz,2014-11-24,中度控盘,9.7
002660,茂硕电源,002660.sz,2015-02-09,微弱控盘,10.21
002661,克明面业,002661.sz,2015-04-13,强烈控盘,41.01
002662,京威股份,002662.sz,2015-04-13,强烈控盘,14.69
002663,普邦园林,002663.sz,2015-04-13,强烈控盘,26.77
002665,首航节能,002665.sz,2015-04-13,强烈控盘,57.4
002666,德联集团,002666.sz,2015-04-13,强烈控盘,26.14
002667,鞍重股份,002667.sz,2015-04-03,强烈控盘,43.72
002668,奥马电器,002668.sz,2015-04-13,强烈控盘,26.59
002669,康达新材,002669.sz,2015-04-13,强烈控盘,18.75
002670,华声股份,002670.sz,2015-04-10,强烈控盘,18.01
002671,龙泉股份,002671.sz,2015-04-13,强烈控盘,13.77
002672,东江环保,002672.sz,2015-03-24,高度控盘,42.33
002673,西部证券,002673.sz,2015-04-13,强烈控盘,45.67
002674,兴业科技,002674.sz,2015-04-13,强烈控盘,15.86
002675,东诚药业,002675.sz,2014-10-09,强烈控盘,19.72
002676,顺威股份,002676.sz,2015-04-13,强烈控盘,26.54
002677,浙江美大,002677.sz,2015-04-13,强烈控盘,35.2
002678,珠江钢琴,002678.sz,2015-04-13,强烈控盘,17.82
002679,福建金森,002679.sz,2015-04-13,强烈控盘,24.04
002680,黄海机械,002680.sz,2015-03-20,高度控盘,34
002681,奋达科技,002681.sz,2015-04-13,强烈控盘,56.53
002682,龙洲股份,002682.sz,2015-04-13,强烈控盘,11.93
002683,宏大爆破,002683.sz,2015-04-13,强烈控盘,34.4
002684,猛狮科技,002684.sz,2015-04-13,强烈控盘,25.59
002685,华东重机,002685.sz,2015-04-13,强烈控盘,41.07
002686,亿利达,002686.sz,2015-04-13,强烈控盘,16.68
002687,乔治白,002687.sz,2015-04-13,强烈控盘,14.8
002688,金河生物,002688.sz,2015-04-13,强烈控盘,17.9
002689,博林特,002689.sz,2015-04-13,强烈控盘,13.65
002690,美亚光电,002690.sz,2015-04-13,强烈控盘,46.54
002691,石中装备,002691.sz,2015-02-17,轻度控盘,14.84
002692,远程电缆,002692.sz,2015-04-13,强烈控盘,14.08
002693,双成药业,002693.sz,2015-04-13,强烈控盘,12.67
002694,顾地科技,002694.sz,2015-04-13,强烈控盘,13.06
002695,煌上煌,002695.sz,2015-04-13,强烈控盘,34.88
002696,百洋股份,002696.sz,2015-04-13,强烈控盘,15
002697,红旗连锁,002697.sz,2015-04-13,强烈控盘,11.78
002698,博实股份,002698.sz,2015-04-13,强烈控盘,31.64
002699,美盛文化,002699.sz,2015-04-13,强烈控盘,24.04
002700,新疆浩源,002700.sz,2015-04-13,强烈控盘,26.21
002701,奥瑞金,002701.sz,2015-04-13,强烈控盘,31.56
002702,海欣食品,002702.sz,2015-04-13,强烈控盘,30.17
002703,浙江世宝,002703.sz,2015-04-13,强烈控盘,30.43
002705,新宝股份,002705.sz,2015-04-13,强烈控盘,17.75
002706,良信电器,002706.sz,2015-04-13,强烈控盘,54.43
002707,众信旅游,002707.sz,2015-04-01,强烈控盘,171.49
002708,光洋股份,002708.sz,2015-04-13,强烈控盘,21.92
002709,天赐材料,002709.sz,2015-04-13,强烈控盘,41.39
002711,欧浦钢网,002711.sz,2015-04-13,强烈控盘,66.52
002712,思美传媒,002712.sz,2015-03-18,强烈控盘,64.8
002713,东易日盛,002713.sz,2015-04-13,强烈控盘,54.11
002714,牧原股份,002714.sz,2015-04-03,强烈控盘,53.45
002715,登云股份,002715.sz,2015-04-13,强烈控盘,29.35
002716,金贵银业,002716.sz,2015-04-13,强烈控盘,30.22
002717,岭南园林,002717.sz,2015-03-25,强烈控盘,16.72
002718,友邦吊顶,002718.sz,2015-04-13,强烈控盘,84.57
002719,麦趣尔,002719.sz,2015-04-13,强烈控盘,39.34
002721,金一文化,002721.sz,2015-04-13,强烈控盘,28.12
002723,金莱特,002723.sz,2015-04-13,强烈控盘,34.74
002724,海洋王,002724.sz,2015-04-13,强烈控盘,29.44
002725,跃岭股份,002725.sz,2015-04-13,强烈控盘,38.2
002726,龙大肉食,002726.sz,2015-04-13,强烈控盘,28.09
002727,一心堂,002727.sz,2015-04-10,强烈控盘,67.8
002728,台城制药,002728.sz,2014-11-07,中度控盘,41.19
002729,好利来,002729.sz,2015-04-13,强烈控盘,48.12
002730,电光科技,002730.sz,2015-04-13,强烈控盘,26.11
002731,萃华珠宝,002731.sz,2015-04-13,强烈控盘,35.43
002732,燕塘乳业,002732.sz,2015-04-13,强烈控盘,27.11
002733,雄韬股份,002733.sz,2015-04-13,强烈控盘,37.68
002735,王子新材,002735.sz,2015-04-13,强烈控盘,46.31
002736,国信证券,002736.sz,2015-04-13,强烈控盘,26.83
002737,葵花药业,002737.sz,2015-04-13,强烈控盘,78.18
002738,中矿资源,002738.sz,2015-04-13,高度控盘,36.2
600000,浦发银行,600000.sh,2015-04-13,强烈控盘,14.8
600004,白云机场,600004.sh,2015-04-13,强烈控盘,10.79
600005,武钢股份,600005.sh,2015-04-13,强烈控盘,3.75
600006,东风汽车,600006.sh,2015-04-13,强烈控盘,6.55
600007,中国国贸,600007.sh,2015-04-13,强烈控盘,12.57
600008,首创股份,600008.sh,2015-04-13,强烈控盘,13.18
600009,上海机场,600009.sh,2015-04-13,强烈控盘,20.29
600010,包钢股份,600010.sh,2015-04-13,强烈控盘,5.29
600011,华能国际,600011.sh,2015-04-13,强烈控盘,6.78
600012,皖通高速,600012.sh,2015-04-13,强烈控盘,5.83
600015,华夏银行,600015.sh,2015-04-13,强烈控盘,12.27
600016,民生银行,600016.sh,2015-04-13,高度控盘,9.25
600017,日照港,600017.sh,2015-04-13,强烈控盘,5.46
600018,上港集团,600018.sh,2015-04-13,强烈控盘,5.63
600019,宝钢股份,600019.sh,2015-04-13,强烈控盘,5.92
600020,中原高速,600020.sh,2015-04-13,强烈控盘,4.79
600021,上海电力,600021.sh,2015-04-13,强烈控盘,13.34
600022,山东钢铁,600022.sh,2015-04-13,强烈控盘,3.21
600023,浙能电力,600023.sh,2015-04-13,强烈控盘,7.57
600026,中海发展,600026.sh,2015-04-13,强烈控盘,8.81
600027,华电国际,600027.sh,2015-04-13,强烈控盘,5.8
600028,中国石化,600028.sh,2015-04-13,强烈控盘,6.6
600029,南方航空,600029.sh,2015-04-13,强烈控盘,6.95
600030,中信证券,600030.sh,2015-04-13,高度控盘,32.21
600031,三一重工,600031.sh,2015-04-13,高度控盘,9.09
600033,福建高速,600033.sh,2015-04-13,强烈控盘,4.19
600035,楚天高速,600035.sh,2015-04-13,强烈控盘,5.01
600036,招商银行,600036.sh,2015-04-13,中度控盘,13.56
600037,歌华有线,600037.sh,2015-04-13,强烈控盘,20.51
600038,中直股份,600038.sh,2015-04-13,中度控盘,45.15
600039,四川路桥,600039.sh,2015-04-13,强烈控盘,6.61
600048,保利地产,600048.sh,2015-04-13,高度控盘,10.58
600050,中国联通,600050.sh,2015-04-13,强烈控盘,5.02
600051,宁波联合,600051.sh,2015-04-13,强烈控盘,10.98
600052,浙江广厦,600052.sh,2015-04-13,强烈控盘,7.11
600053,中江地产,600053.sh,2015-03-20,高度控盘,10.67
600054,黄山旅游,600054.sh,2015-04-13,强烈控盘,17.98
600055,华润万东,600055.sh,2015-04-13,强烈控盘,24.24
600056,中国医药,600056.sh,2015-04-13,高度控盘,16.89
600057,象屿股份,600057.sh,2015-04-13,强烈控盘,13.46
600058,五矿发展,600058.sh,2015-04-13,强烈控盘,17.82
600059,古越龙山,600059.sh,2015-04-13,强烈控盘,10.76
600060,海信电器,600060.sh,2015-04-13,强烈控盘,19.85
600061,中纺投资,600061.sh,2015-04-13,强烈控盘,25.91
600062,华润双鹤,600062.sh,2015-03-12,强烈控盘,24.64
600063,皖维高新,600063.sh,2015-04-13,强烈控盘,6.09
600064,南京高科,600064.sh,2015-04-13,强烈控盘,20.97
600066,宇通客车,600066.sh,2015-04-13,强烈控盘,23.67
600067,冠城大通,600067.sh,2015-04-13,强烈控盘,8.96
600068,葛洲坝,600068.sh,2015-04-13,强烈控盘,9.72
600069,*ST银鸽,600069.sh,2015-04-13,强烈控盘,5.3
600070,浙江富润,600070.sh,2015-04-13,强烈控盘,11.94
600071,凤凰光学,600071.sh,2015-04-13,强烈控盘,17.72
600073,上海梅林,600073.sh,2015-04-13,强烈控盘,11.71
600074,中达股份,600074.sh,2015-04-13,强烈控盘,10.86
600076,青鸟华光,600076.sh,2014-12-22,微弱控盘,6.1
600077,宋都股份,600077.sh,2015-04-13,强烈控盘,7
600078,澄星股份,600078.sh,2015-04-13,强烈控盘,8.8
600079,人福医药,600079.sh,2015-04-13,强烈控盘,30.98
600080,金花股份,600080.sh,2015-04-13,强烈控盘,12.37
600081,东风科技,600081.sh,2015-04-13,强烈控盘,16.49
600082,海泰发展,600082.sh,2015-04-13,强烈控盘,8.27
600083,博信股份,600083.sh,2015-01-20,轻度控盘,10.85
600084,中葡股份,600084.sh,2015-04-13,强烈控盘,6.21
600085,同仁堂,600085.sh,2015-04-13,强烈控盘,22.65
600086,东方金钰,600086.sh,2015-03-18,强烈控盘,26.28
600088,中视传媒,600088.sh,2015-04-13,强烈控盘,22.71
600089,特变电工,600089.sh,2015-04-10,强烈控盘,14.97
600090,啤酒花,600090.sh,2014-09-05,强烈控盘,7.2
600093,禾嘉股份,600093.sh,2015-04-13,强烈控盘,16.12
600094,大名城,600094.sh,2015-04-13,强烈控盘,9.05
600095,哈高科,600095.sh,2015-04-13,强烈控盘,12.73
600096,云天化,600096.sh,2015-04-13,强烈控盘,13.69
600097,开创国际,600097.sh,2015-04-13,强烈控盘,15.11
600098,广州发展,600098.sh,2015-04-13,强烈控盘,7.99
600099,林海股份,600099.sh,2015-04-13,强烈控盘,10.75
600100,同方股份,600100.sh,2015-04-13,强烈控盘,15.74
600101,明星电力,600101.sh,2015-04-13,强烈控盘,10.59
600103,青山纸业,600103.sh,2015-04-13,强烈控盘,4.45
600104,上汽集团,600104.sh,2015-04-13,强烈控盘,17.74
600105,永鼎股份,600105.sh,2015-04-13,强烈控盘,10.8
600106,重庆路桥,600106.sh,2015-04-13,强烈控盘,7.28
600107,美尔雅,600107.sh,2015-04-02,强烈控盘,12.39
600108,亚盛集团,600108.sh,2015-04-13,中度控盘,10.06
600109,国金证券,600109.sh,2015-04-13,强烈控盘,24.45
600110,中科英华,600110.sh,2015-04-13,强烈控盘,7.88
600111,北方稀土,600111.sh,2015-04-13,强烈控盘,27.1
600112,天成控股,600112.sh,2015-04-13,强烈控盘,22.75
600113,浙江东日,600113.sh,2015-04-13,强烈控盘,13.78
600114,东睦股份,600114.sh,2015-04-13,强烈控盘,17.37
600115,东方航空,600115.sh,2015-04-09,强烈控盘,5.66
600116,三峡水利,600116.sh,2015-04-13,强烈控盘,17.71
600117,西宁特钢,600117.sh,2015-04-08,强烈控盘,6.25
600118,中国卫星,600118.sh,2015-04-13,强烈控盘,31.19
600119,长江投资,600119.sh,2015-04-13,强烈控盘,25.35
600120,浙江东方,600120.sh,2015-04-13,强烈控盘,25.84
600121,郑州煤电,600121.sh,2015-04-13,强烈控盘,6.23
600122,宏图高科,600122.sh,2015-04-13,强烈控盘,9.16
600123,兰花科创,600123.sh,2015-04-13,强烈控盘,10.32
600125,铁龙物流,600125.sh,2015-04-13,强烈控盘,11.43
600126,杭钢股份,600126.sh,2015-04-13,强烈控盘,6.78
600127,金健米业,600127.sh,2015-04-13,强烈控盘,7.19
600128,弘业股份,600128.sh,2015-04-13,强烈控盘,15.64
600129,太极集团,600129.sh,2014-12-16,中度控盘,14.12
600130,波导股份,600130.sh,2015-04-13,强烈控盘,6.88
600131,岷江水电,600131.sh,2015-04-13,强烈控盘,7.5
600132,重庆啤酒,600132.sh,2015-04-13,强烈控盘,22.33
600133,东湖高新,600133.sh,2015-04-13,强烈控盘,11.18
600135,乐凯胶片,600135.sh,2015-04-13,强烈控盘,15.78
600136,道博股份,600136.sh,2015-03-23,强烈控盘,19.09
600137,浪莎股份,600137.sh,2015-04-13,强烈控盘,21.99
600138,中青旅,600138.sh,2015-04-13,强烈控盘,21.58
600139,西部资源,600139.sh,2015-04-13,强烈控盘,14.89
600141,兴发集团,600141.sh,2015-04-13,强烈控盘,17.14
600143,金发科技,600143.sh,2015-04-13,强烈控盘,7.53
600146,大元股份,600146.sh,2015-04-13,强烈控盘,20.26
600148,长春一东,600148.sh,2015-04-13,强烈控盘,22.63
600149,廊坊发展,600149.sh,2015-04-13,高度控盘,20.68
600150,中国船舶,600150.sh,2015-04-13,强烈控盘,40.72
600151,航天机电,600151.sh,2015-04-13,强烈控盘,12.22
600152,维科精华,600152.sh,2015-04-13,强烈控盘,8.96
600153,建发股份,600153.sh,2015-04-13,强烈控盘,11.9
600155,宝硕股份,600155.sh,2015-03-06,高度控盘,14.86
600156,华升股份,600156.sh,2015-04-13,强烈控盘,8.87
600157,永泰能源,600157.sh,2015-04-13,中度控盘,4.64
600158,中体产业,600158.sh,2015-04-13,强烈控盘,23.4
600159,大龙地产,600159.sh,2015-04-13,强烈控盘,5.17
600160,巨化股份,600160.sh,2015-04-13,强烈控盘,7.78
600161,天坛生物,600161.sh,2015-04-13,强烈控盘,30.74
600162,香江控股,600162.sh,2015-04-13,强烈控盘,8.42
600163,*ST南纸,600163.sh,2015-04-13,强烈控盘,5.2
600165,新日恒力,600165.sh,2015-04-13,强烈控盘,15.05
600166,福田汽车,600166.sh,2015-04-13,强烈控盘,6.97
600167,联美控股,600167.sh,2015-04-13,强烈控盘,15.16
600168,武汉控股,600168.sh,2015-04-13,强烈控盘,14.59
600169,太原重工,600169.sh,2015-04-13,强烈控盘,8.15
600170,上海建工,600170.sh,2015-04-13,强烈控盘,11.12
600171,上海贝岭,600171.sh,2015-04-13,强烈控盘,15.34
600172,黄河旋风,600172.sh,2015-03-26,强烈控盘,9.69
600173,卧龙地产,600173.sh,2015-04-13,强烈控盘,7.99
600175,美都能源,600175.sh,2015-04-13,强烈控盘,6.72
600176,中国巨石,600176.sh,2015-04-13,强烈控盘,17.13
600177,雅戈尔,600177.sh,2015-04-13,强烈控盘,14.92
600179,黑化股份,600179.sh,2014-11-28,强烈控盘,6.88
600180,瑞茂通,600180.sh,2015-04-13,强烈控盘,24.92
600183,生益科技,600183.sh,2015-04-13,强烈控盘,8.28
600184,光电股份,600184.sh,2015-04-13,强烈控盘,35.18
600185,格力地产,600185.sh,2015-04-09,中度控盘,23.95
600186,莲花味精,600186.sh,2015-04-13,强烈控盘,6.57
600187,国中水务,600187.sh,2015-04-13,强烈控盘,8.06
600188,兖州煤业,600188.sh,2015-04-13,高度控盘,12.15
600189,吉林森工,600189.sh,2015-04-13,强烈控盘,10.21
600190,锦州港,600190.sh,2015-04-13,强烈控盘,5.53
600191,华资实业,600191.sh,2015-03-05,强烈控盘,8.98
600192,长城电工,600192.sh,2015-04-13,强烈控盘,11.96
600193,创兴资源,600193.sh,2015-04-13,强烈控盘,10.42
600195,中牧股份,600195.sh,2015-04-13,强烈控盘,18.16
600196,复星医药,600196.sh,2015-03-27,强烈控盘,21.8
600197,伊力特,600197.sh,2015-04-13,强烈控盘,12.83
600198,大唐电信,600198.sh,2015-04-13,强烈控盘,23.6
600199,金种子酒,600199.sh,2015-04-13,强烈控盘,11.56
600200,江苏吴中,600200.sh,2015-04-13,强烈控盘,17.92
600201,金宇集团,600201.sh,2015-04-13,强烈控盘,41.1
600202,哈空调,600202.sh,2015-04-13,强烈控盘,9.23
600203,福日电子,600203.sh,2015-04-13,强烈控盘,11.8
600206,有研新材,600206.sh,2015-04-13,强烈控盘,13.85
600207,安彩高科,600207.sh,2015-04-13,强烈控盘,7.57
600208,新湖中宝,600208.sh,2015-04-13,高度控盘,7.21
600209,罗顿发展,600209.sh,2015-03-11,高度控盘,9.93
600210,紫江企业,600210.sh,2015-04-13,强烈控盘,6.14
600211,西藏药业,600211.sh,2015-04-13,强烈控盘,38.99
600212,江泉实业,600212.sh,2015-04-13,轻度控盘,8.99
600213,亚星客车,600213.sh,2015-04-13,轻度控盘,15.3
600215,长春经开,600215.sh,2015-04-13,强烈控盘,7.39
600216,浙江医药,600216.sh,2015-04-13,强烈控盘,12.74
600217,*ST秦岭,600217.sh,2015-04-13,强烈控盘,9.96
600218,全柴动力,600218.sh,2015-04-13,强烈控盘,13.54
600219,南山铝业,600219.sh,2015-04-13,强烈控盘,10.65
600220,江苏阳光,600220.sh,2015-04-13,强烈控盘,5.05
600221,海南航空,600221.sh,2015-03-27,高度控盘,3.7
600222,太龙药业,600222.sh,2015-04-13,强烈控盘,10.71
600223,鲁商置业,600223.sh,2015-04-13,强烈控盘,6.73
600225,天津松江,600225.sh,2015-04-13,强烈控盘,8.39
600226,升华拜克,600226.sh,2015-03-24,强烈控盘,11.25
600227,赤天化,600227.sh,2015-04-13,强烈控盘,6.87
600229,青岛碱业,600229.sh,2015-04-13,强烈控盘,12.26
600230,沧州大化,600230.sh,2015-04-13,强烈控盘,13
600231,凌钢股份,600231.sh,2015-04-13,高度控盘,5.71
600232,金鹰股份,600232.sh,2015-01-12,微弱控盘,6.21
600233,大杨创世,600233.sh,2015-04-13,强烈控盘,15.47
600234,山水文化,600234.sh,2015-04-13,强烈控盘,15.66
600235,民丰特纸,600235.sh,2015-04-13,强烈控盘,8.93
600236,桂冠电力,600236.sh,2015-04-13,强烈控盘,5.53
600237,铜峰电子,600237.sh,2015-04-13,强烈控盘,8.34
600238,海南椰岛,600238.sh,2014-11-27,强烈控盘,8.85
600239,云南城投,600239.sh,2015-04-13,强烈控盘,8.66
600240,华业地产,600240.sh,2015-04-13,强烈控盘,10.72
600241,时代万恒,600241.sh,2015-04-13,强烈控盘,10.59
600242,中昌海运,600242.sh,2015-04-13,强烈控盘,11.15
600243,青海华鼎,600243.sh,2015-04-13,强烈控盘,10.66
600246,万通地产,600246.sh,2015-01-05,强烈控盘,4.44
600248,延长化建,600248.sh,2015-04-13,强烈控盘,9.57
600249,两面针,600249.sh,2015-04-13,强烈控盘,8.9
600250,南纺股份,600250.sh,2014-11-18,强烈控盘,8.01
600251,冠农股份,600251.sh,2015-04-13,强烈控盘,22.78
600252,中恒集团,600252.sh,2015-04-13,强烈控盘,18.31
600255,鑫科材料,600255.sh,2015-04-13,强烈控盘,7.93
600256,广汇能源,600256.sh,2015-04-13,强烈控盘,9.47
600257,大湖股份,600257.sh,2015-04-13,强烈控盘,9.5
600258,首旅酒店,600258.sh,2015-03-16,强烈控盘,16.9
600259,广晟有色,600259.sh,2015-04-13,中度控盘,56.36
600260,凯乐科技,600260.sh,2015-04-13,强烈控盘,13.06
600261,阳光照明,600261.sh,2015-04-13,强烈控盘,10.82
600262,北方股份,600262.sh,2015-04-13,强烈控盘,24.25
600266,北京城建,600266.sh,2015-04-13,强烈控盘,21.96
600267,海正药业,600267.sh,2015-04-13,强烈控盘,19.37
600268,国电南自,600268.sh,2015-04-13,强烈控盘,9.42
600269,赣粤高速,600269.sh,2015-04-13,强烈控盘,5
600270,外运发展,600270.sh,2015-04-13,强烈控盘,21.52
600271,航天信息,600271.sh,2015-04-13,强烈控盘,40.86
600272,开开实业,600272.sh,2015-04-13,强烈控盘,17.22
600273,嘉化能源,600273.sh,2015-04-13,高度控盘,13.7
600275,武昌鱼,600275.sh,2015-04-08,强烈控盘,6.91
600276,恒瑞医药,600276.sh,2015-04-13,强烈控盘,35.85
600277,亿利能源,600277.sh,2015-04-13,强烈控盘,9.92
600278,东方创业,600278.sh,2015-04-13,强烈控盘,14.35
600279,重庆港九,600279.sh,2015-04-13,强烈控盘,15.3
600280,中央商场,600280.sh,2015-04-13,中度控盘,14.73
600281,太化股份,600281.sh,2015-04-13,强烈控盘,7.68
600283,钱江水利,600283.sh,2015-04-13,强烈控盘,15.74
600284,浦东建设,600284.sh,2015-04-13,强烈控盘,13.5
600285,羚锐制药,600285.sh,2015-03-20,强烈控盘,9.35
600287,江苏舜天,600287.sh,2015-04-13,强烈控盘,15.04
600288,大恒科技,600288.sh,2015-04-13,强烈控盘,22.93
600289,亿阳信通,600289.sh,2015-04-13,强烈控盘,14.93
600290,华仪电气,600290.sh,2015-04-13,强烈控盘,11.69
600291,西水股份,600291.sh,2015-04-13,强烈控盘,24.28
600292,中电远达,600292.sh,2015-04-13,强烈控盘,25.2
600293,三峡新材,600293.sh,2015-01-27,微弱控盘,7.01
600295,鄂尔多斯,600295.sh,2015-04-13,强烈控盘,9.85
600297,美罗药业,600297.sh,2015-04-13,强烈控盘,14.33
600298,安琪酵母,600298.sh,2015-04-13,强烈控盘,22.36
600300,维维股份,600300.sh,2015-04-13,强烈控盘,6.21
600302,标准股份,600302.sh,2015-04-13,强烈控盘,7.87
600303,曙光股份,600303.sh,2015-04-13,强烈控盘,7.26
600305,恒顺醋业,600305.sh,2015-04-13,强烈控盘,19.18
600307,酒钢宏兴,600307.sh,2015-04-13,强烈控盘,4.01
600308,华泰股份,600308.sh,2015-04-13,强烈控盘,4.98
600309,万华化学,600309.sh,2015-04-13,强烈控盘,21.61
600310,桂东电力,600310.sh,2015-04-13,强烈控盘,20.99
600311,荣华实业,600311.sh,2015-04-13,强烈控盘,7.69
600312,平高电气,600312.sh,2015-04-13,强烈控盘,19.46
600313,农发种业,600313.sh,2015-04-13,强烈控盘,15.47
600315,上海家化,600315.sh,2015-04-13,强烈控盘,39.23
600316,洪都航空,600316.sh,2015-04-13,高度控盘,32.15
600317,营口港,600317.sh,2015-04-13,强烈控盘,5.41
600318,巢东股份,600318.sh,2015-04-13,强烈控盘,30.56
600319,亚星化学,600319.sh,2015-04-13,强烈控盘,7.76
600320,振华重工,600320.sh,2015-04-13,强烈控盘,7.02
600321,国栋建设,600321.sh,2015-04-13,强烈控盘,5.19
600322,天房发展,600322.sh,2015-04-13,强烈控盘,5.55
600323,瀚蓝环境,600323.sh,2015-04-13,强烈控盘,16.05
600325,华发股份,600325.sh,2015-04-13,强烈控盘,14.38
600326,西藏天路,600326.sh,2015-04-13,强烈控盘,13.07
600327,大东方,600327.sh,2015-04-13,强烈控盘,10.48
600328,兰太实业,600328.sh,2015-04-13,强烈控盘,11.95
600329,中新药业,600329.sh,2015-04-13,强烈控盘,17.03
600330,天通股份,600330.sh,2015-04-13,强烈控盘,14.6
600331,宏达股份,600331.sh,2015-04-13,强烈控盘,7.62
600332,白云山,600332.sh,2015-04-13,强烈控盘,31.14
600333,长春燃气,600333.sh,2015-04-13,强烈控盘,8.83
600335,国机汽车,600335.sh,2015-04-13,强烈控盘,20.53
600336,澳柯玛,600336.sh,2015-04-13,强烈控盘,7.21
600337,美克家居,600337.sh,2015-04-13,强烈控盘,10.33
600338,西藏珠峰,600338.sh,2015-04-13,强烈控盘,17.12
600339,天利高新,600339.sh,2015-04-13,强烈控盘,6.73
600340,华夏幸福,600340.sh,2015-04-13,强烈控盘,37.64
600343,航天动力,600343.sh,2015-04-13,强烈控盘,21.59
600345,长江通信,600345.sh,2015-04-13,强烈控盘,17.94
600346,大橡塑,600346.sh,2015-04-13,强烈控盘,12.86
600348,阳泉煤业,600348.sh,2015-04-13,强烈控盘,9.01
600350,山东高速,600350.sh,2015-04-13,强烈控盘,4.4
600351,亚宝药业,600351.sh,2015-04-13,强烈控盘,11.44
600352,浙江龙盛,600352.sh,2015-04-13,强烈控盘,27.14
600353,旭光股份,600353.sh,2015-04-13,强烈控盘,14.78
600354,敦煌种业,600354.sh,2015-04-13,高度控盘,10.22
600355,精伦电子,600355.sh,2015-04-13,强烈控盘,13.25
600356,恒丰纸业,600356.sh,2015-04-13,强烈控盘,8.87
600358,国旅联合,600358.sh,2015-04-13,强烈控盘,12.1
600359,新农开发,600359.sh,2015-04-13,强烈控盘,12.45
600360,华微电子,600360.sh,2015-04-13,强烈控盘,6.32
600361,华联综超,600361.sh,2015-04-13,强烈控盘,7
600362,江西铜业,600362.sh,2015-04-13,强烈控盘,19.07
600363,联创光电,600363.sh,2015-04-03,强烈控盘,13.57
600365,通葡股份,600365.sh,2015-04-13,强烈控盘,12.3
600367,红星发展,600367.sh,2015-04-13,强烈控盘,13.73
600368,五洲交通,600368.sh,2015-04-13,强烈控盘,7.2
600369,西南证券,600369.sh,2015-04-13,强烈控盘,21.12
600370,三房巷,600370.sh,2015-04-13,强烈控盘,8.65
600371,万向德农,600371.sh,2015-04-13,强烈控盘,14.43
600372,中航电子,600372.sh,2015-04-13,高度控盘,27.56
600373,中文传媒,600373.sh,2015-04-13,强烈控盘,16.42
600375,华菱星马,600375.sh,2015-04-13,强烈控盘,12.9
600376,首开股份,600376.sh,2015-04-13,强烈控盘,10.87
600377,宁沪高速,600377.sh,2015-04-13,强烈控盘,5.96
600378,天科股份,600378.sh,2015-04-13,强烈控盘,14.66
600379,宝光股份,600379.sh,2015-04-08,强烈控盘,13.24
600380,健康元,600380.sh,2015-04-13,强烈控盘,11.88
600382,广东明珠,600382.sh,2015-04-08,高度控盘,16.39
600383,金地集团,600383.sh,2015-04-13,强烈控盘,9.89
600386,北巴传媒,600386.sh,2015-04-13,强烈控盘,13.31
600387,海越股份,600387.sh,2015-04-13,强烈控盘,16.84
600388,龙净环保,600388.sh,2015-04-13,高度控盘,37.91
600389,江山股份,600389.sh,2015-04-13,强烈控盘,32.51
600390,金瑞科技,600390.sh,2015-04-13,强烈控盘,14.51
600391,成发科技,600391.sh,2015-04-13,强烈控盘,38.7
600392,盛和资源,600392.sh,2015-04-13,中度控盘,31.79
600393,东华实业,600393.sh,2015-04-13,强烈控盘,8.59
600395,盘江股份,600395.sh,2015-04-13,强烈控盘,11.53
600396,金山股份,600396.sh,2015-04-13,强烈控盘,7.23
600397,安源煤业,600397.sh,2015-04-13,强烈控盘,7.74
600398,海澜之家,600398.sh,2015-04-13,强烈控盘,11.63
600399,抚顺特钢,600399.sh,2015-04-13,强烈控盘,30.34
600400,红豆股份,600400.sh,2015-04-13,强烈控盘,7.92
600401,海润光伏,600401.sh,2015-04-08,强烈控盘,11.39
600403,大有能源,600403.sh,2015-04-13,强烈控盘,6.86
600405,动力源,600405.sh,2015-04-13,强烈控盘,13.46
600406,国电南瑞,600406.sh,2015-04-13,强烈控盘,19.26
600408,安泰集团,600408.sh,2015-04-13,强烈控盘,4.47
600409,三友化工,600409.sh,2015-04-13,强烈控盘,8.46
600410,华胜天成,600410.sh,2015-04-13,强烈控盘,30.18
600415,小商品城,600415.sh,2015-04-13,强烈控盘,15.75
600416,湘电股份,600416.sh,2015-04-13,强烈控盘,14.91
600418,江淮汽车,600418.sh,2015-04-13,强烈控盘,14.08
600419,天润乳业,600419.sh,2015-04-13,强烈控盘,22.75
600420,现代制药,600420.sh,2015-04-13,强烈控盘,27.54
600421,仰帆控股,600421.sh,2015-04-13,强烈控盘,9.56
600422,昆药集团,600422.sh,2015-04-13,强烈控盘,28.77
600423,柳化股份,600423.sh,2015-04-13,强烈控盘,7.87
600425,青松建化,600425.sh,2015-04-13,强烈控盘,7.75
600426,华鲁恒升,600426.sh,2015-04-13,强烈控盘,12.19
600428,中远航运,600428.sh,2015-04-13,强烈控盘,7.35
600429,三元股份,600429.sh,2015-04-13,强烈控盘,9.26
600432,吉恩镍业,600432.sh,2015-04-13,强烈控盘,15.86
600433,冠豪高新,600433.sh,2015-04-13,强烈控盘,14.64
600435,北方导航,600435.sh,2015-04-13,强烈控盘,29.49
600436,片仔癀,600436.sh,2015-04-13,强烈控盘,99.73
600438,通威股份,600438.sh,2015-01-27,强烈控盘,9.06
600439,瑞贝卡,600439.sh,2015-04-13,强烈控盘,5.93
600444,国通管业,600444.sh,2015-04-13,强烈控盘,16.84
600446,金证股份,600446.sh,2015-04-13,强烈控盘,87.97
600448,华纺股份,600448.sh,2015-04-13,强烈控盘,7.69
600449,宁夏建材,600449.sh,2015-04-13,强烈控盘,12.88
600452,涪陵电力,600452.sh,2015-04-13,强烈控盘,17.3
600455,博通股份,600455.sh,2015-04-13,强烈控盘,29.91
600456,宝钛股份,600456.sh,2015-04-13,强烈控盘,19.72
600458,时代新材,600458.sh,2015-04-13,强烈控盘,16.56
600459,贵研铂业,600459.sh,2015-04-13,强烈控盘,24.19
600460,士兰微,600460.sh,2015-04-13,强烈控盘,7.29
600461,洪城水业,600461.sh,2015-02-25,高度控盘,12.5
600462,石岘纸业,600462.sh,2015-04-13,强烈控盘,7.3
600463,空港股份,600463.sh,2015-04-13,强烈控盘,11.94
600466,迪康药业,600466.sh,2015-04-13,强烈控盘,12.28
600467,好当家,600467.sh,2015-04-13,强烈控盘,7.25
600468,百利电气,600468.sh,2015-04-13,强烈控盘,14.9
600469,风神股份,600469.sh,2015-04-13,强烈控盘,17.67
600470,六国化工,600470.sh,2015-04-13,强烈控盘,8.22
600475,华光股份,600475.sh,2015-04-13,中度控盘,14.91
600476,湘邮科技,600476.sh,2015-04-13,强烈控盘,26.33
600477,杭萧钢构,600477.sh,2015-04-13,强烈控盘,8.04
600478,科力远,600478.sh,2015-04-13,强烈控盘,22.1
600479,千金药业,600479.sh,2015-04-13,强烈控盘,18.1
600480,凌云股份,600480.sh,2015-04-13,强烈控盘,15.88
600481,双良节能,600481.sh,2015-04-13,高度控盘,12.48
600482,风帆股份,600482.sh,2015-04-13,强烈控盘,18.13
600483,福能股份,600483.sh,2015-03-16,强烈控盘,10.86
600485,信威集团,600485.sh,2015-04-13,中度控盘,43.95
600486,扬农化工,600486.sh,2015-04-13,强烈控盘,32.48
600487,亨通光电,600487.sh,2015-04-13,强烈控盘,20.55
600488,天药股份,600488.sh,2015-04-13,强烈控盘,7.29
600489,中金黄金,600489.sh,2015-04-13,中度控盘,11.86
600490,鹏欣资源,600490.sh,2015-04-13,强烈控盘,15.05
600491,龙元建设,600491.sh,2015-04-13,强烈控盘,11.43
600493,凤竹纺织,600493.sh,2015-04-13,强烈控盘,11.16
600495,晋西车轴,600495.sh,2015-04-13,强烈控盘,23.87
600496,精工钢构,600496.sh,2015-04-13,强烈控盘,13.91
600497,驰宏锌锗,600497.sh,2015-04-13,强烈控盘,12.35
600498,烽火通信,600498.sh,2015-04-13,强烈控盘,20.6
600499,科达洁能,600499.sh,2015-04-13,强烈控盘,21.74
600500,中化国际,600500.sh,2015-04-13,强烈控盘,11.39
600501,航天晨光,600501.sh,2015-04-13,强烈控盘,15.99
600502,安徽水利,600502.sh,2015-04-13,强烈控盘,14.6
600503,华丽家族,600503.sh,2015-01-20,中度控盘,6.62
600505,西昌电力,600505.sh,2015-04-13,强烈控盘,10.87
600506,香梨股份,600506.sh,2015-04-13,强烈控盘,14.23
600507,方大特钢,600507.sh,2015-04-13,强烈控盘,6.46
600508,上海能源,600508.sh,2015-04-13,强烈控盘,11.53
600509,天富能源,600509.sh,2015-04-13,强烈控盘,11.21
600510,黑牡丹,600510.sh,2015-04-13,强烈控盘,9.19
600511,国药股份,600511.sh,2015-04-13,高度控盘,33.27
600512,腾达建设,600512.sh,2015-04-13,强烈控盘,4.93
600513,联环药业,600513.sh,2015-04-13,强烈控盘,21.22
600515,海岛建设,600515.sh,2015-04-13,强烈控盘,12.26
600516,方大炭素,600516.sh,2015-03-30,强烈控盘,11.86
600517,置信电气,600517.sh,2015-04-13,强烈控盘,12.91
600518,康美药业,600518.sh,2015-04-13,强烈控盘,27.55
600519,贵州茅台,600519.sh,2015-04-13,强烈控盘,165.32
600520,中发科技,600520.sh,2015-04-13,强烈控盘,18.38
600521,华海药业,600521.sh,2015-04-13,强烈控盘,15.74
600522,中天科技,600522.sh,2015-03-06,强烈控盘,16.64
600523,贵航股份,600523.sh,2015-04-13,强烈控盘,19.73
600525,长园集团,600525.sh,2015-04-13,强烈控盘,14.92
600526,菲达环保,600526.sh,2015-04-13,强烈控盘,21.82
600527,江南高纤,600527.sh,2015-04-13,强烈控盘,6.27
600528,中铁二局,600528.sh,2015-04-13,强烈控盘,23.06
600529,山东药玻,600529.sh,2015-04-13,强烈控盘,13.94
600530,交大昂立,600530.sh,2015-04-13,强烈控盘,14.34
600531,豫光金铅,600531.sh,2015-04-13,强烈控盘,15.37
600532,宏达矿业,600532.sh,2015-04-13,强烈控盘,13.41
600533,栖霞建设,600533.sh,2015-04-13,强烈控盘,4.9
600535,天士力,600535.sh,2015-04-13,强烈控盘,42.67
600536,中国软件,600536.sh,2015-04-13,中度控盘,45.82
600537,亿晶光电,600537.sh,2015-04-13,强烈控盘,17.8
600538,国发股份,600538.sh,2015-04-13,强烈控盘,8.99
600539,狮头股份,600539.sh,2015-04-13,强烈控盘,9.82
600540,新赛股份,600540.sh,2015-04-13,强烈控盘,9.7
600543,莫高股份,600543.sh,2015-04-13,强烈控盘,11.03
600545,新疆城建,600545.sh,2015-04-13,强烈控盘,18.44
600546,山煤国际,600546.sh,2015-04-13,强烈控盘,5.85
600547,山东黄金,600547.sh,2015-04-13,高度控盘,25.13
600548,深高速,600548.sh,2015-04-13,强烈控盘,6.96
600549,厦门钨业,600549.sh,2015-04-13,强烈控盘,34.72
600551,时代出版,600551.sh,2015-04-13,强烈控盘,19.71
600555,九龙山,600555.sh,2015-04-13,高度控盘,7.69
600556,慧球科技,600556.sh,2015-04-13,强烈控盘,16.06
600557,康缘药业,600557.sh,2015-04-13,强烈控盘,26.59
600558,大西洋,600558.sh,2015-03-25,强烈控盘,15.65
600559,老白干酒,600559.sh,2015-04-13,中度控盘,44.3
600560,金自天正,600560.sh,2015-04-13,强烈控盘,13.73
600561,江西长运,600561.sh,2015-04-13,强烈控盘,15.38
600562,国睿科技,600562.sh,2015-04-13,中度控盘,50.92
600563,法拉电子,600563.sh,2015-04-13,强烈控盘,34.15
600565,迪马股份,600565.sh,2015-04-13,强烈控盘,7.73
600566,济川药业,600566.sh,2015-04-13,强烈控盘,22.84
600567,山鹰纸业,600567.sh,2015-04-13,强烈控盘,3.81
600568,中珠控股,600568.sh,2015-04-13,强烈控盘,16.55
600569,安阳钢铁,600569.sh,2015-04-13,强烈控盘,3.37
600570,恒生电子,600570.sh,2015-04-13,强烈控盘,85.15
600571,信雅达,600571.sh,2015-04-13,强烈控盘,48.83
600572,康恩贝,600572.sh,2015-04-13,强烈控盘,18.65
600573,惠泉啤酒,600573.sh,2015-04-13,强烈控盘,10.74
600575,皖江物流,600575.sh,2014-09-05,高度控盘,3.86
600576,万好万家,600576.sh,2015-03-16,高度控盘,20.38
600577,精达股份,600577.sh,2015-04-13,强烈控盘,11.41
600578,京能电力,600578.sh,2015-04-13,强烈控盘,6.08
600579,天华院,600579.sh,2015-04-13,高度控盘,12.47
600581,八一钢铁,600581.sh,2015-04-13,强烈控盘,6.99
600582,天地科技,600582.sh,2015-04-13,强烈控盘,13.41
600583,海油工程,600583.sh,2015-04-13,强烈控盘,11.15
600585,海螺水泥,600585.sh,2015-04-13,强烈控盘,20.18
600586,金晶科技,600586.sh,2015-04-13,强烈控盘,4.95
600587,新华医疗,600587.sh,2015-04-13,强烈控盘,41.61
600588,用友网络,600588.sh,2015-04-13,中度控盘,40.54
600589,广东榕泰,600589.sh,2015-04-13,强烈控盘,8.58
600590,泰豪科技,600590.sh,2015-04-13,强烈控盘,13.27
600592,龙溪股份,600592.sh,2015-04-13,强烈控盘,12.52
600593,大连圣亚,600593.sh,2015-04-13,强烈控盘,22.38
600594,益佰制药,600594.sh,2015-04-13,强烈控盘,41.12
600595,中孚实业,600595.sh,2015-04-13,强烈控盘,6.94
600596,新安股份,600596.sh,2015-04-13,强烈控盘,12.1
600597,光明乳业,600597.sh,2015-03-06,强烈控盘,18.02
600599,熊猫烟花,600599.sh,2015-03-09,强烈控盘,33.03
600600,青岛啤酒,600600.sh,2015-04-13,强烈控盘,40.29
600601,方正科技,600601.sh,2015-04-13,强烈控盘,9.72
600602,仪电电子,600602.sh,2015-04-13,强烈控盘,8.18
600603,大洲兴业,600603.sh,2015-04-13,强烈控盘,12.16
600604,市北高新,600604.sh,2015-04-13,强烈控盘,14.32
600605,汇通能源,600605.sh,2015-04-13,强烈控盘,15.37
600606,金丰投资,600606.sh,2015-04-13,强烈控盘,18.36
600608,上海科技,600608.sh,2015-04-13,强烈控盘,9.82
600609,金杯汽车,600609.sh,2015-04-13,强烈控盘,5.33
600611,大众交通,600611.sh,2015-04-13,强烈控盘,13.24
600612,老凤祥,600612.sh,2015-04-13,强烈控盘,29.72
600613,神奇制药,600613.sh,2015-04-13,强烈控盘,21.61
600614,鼎立股份,600614.sh,2015-03-27,强烈控盘,16.72
600615,丰华股份,600615.sh,2015-04-13,强烈控盘,16.88
600616,金枫酒业,600616.sh,2015-04-13,强烈控盘,11.31
600617,国新能源,600617.sh,2015-04-13,中度控盘,32.1
600618,氯碱化工,600618.sh,2015-04-13,强烈控盘,10.53
600619,海立股份,600619.sh,2015-04-13,强烈控盘,10.36
600620,天宸股份,600620.sh,2015-04-13,强烈控盘,13.62
600621,华鑫股份,600621.sh,2015-04-13,强烈控盘,10.9
600622,嘉宝集团,600622.sh,2015-04-13,强烈控盘,9.87
600623,双钱股份,600623.sh,2015-04-13,强烈控盘,14.8
600624,复旦复华,600624.sh,2015-04-13,强烈控盘,16.04
600626,申达股份,600626.sh,2015-04-13,强烈控盘,14.82
600628,新世界,600628.sh,2015-04-07,强烈控盘,11.66
600629,棱光实业,600629.sh,2015-04-13,强烈控盘,16.69
600630,龙头股份,600630.sh,2015-04-13,强烈控盘,14.86
600633,浙报传媒,600633.sh,2015-04-13,强烈控盘,22.84
600634,中技控股,600634.sh,2015-04-13,强烈控盘,15.64
600635,大众公用,600635.sh,2015-04-13,强烈控盘,10.7
600636,三爱富,600636.sh,2015-04-13,强烈控盘,16.87
600637,XD百视通,600637.sh,2015-04-13,强烈控盘,41.7
600638,新黄浦,600638.sh,2015-04-13,高度控盘,16.92
600639,浦东金桥,600639.sh,2015-04-13,高度控盘,24.01
600640,号百控股,600640.sh,2015-04-13,强烈控盘,22.98
600641,万业企业,600641.sh,2015-04-13,强烈控盘,6.59
600642,申能股份,600642.sh,2015-04-13,强烈控盘,6.75
600643,爱建股份,600643.sh,2015-04-13,强烈控盘,18.6
600644,*ST乐电,600644.sh,2015-04-13,强烈控盘,10.46
600645,中源协和,600645.sh,2015-04-13,强烈控盘,57.52
600647,同达创业,600647.sh,2015-04-13,强烈控盘,22.27
600648,外高桥,600648.sh,2015-04-13,强烈控盘,33.26
600649,城投控股,600649.sh,2014-10-31,中度控盘,7.15
600650,锦江投资,600650.sh,2015-04-13,强烈控盘,17.2
600651,飞乐音响,600651.sh,2015-04-13,强烈控盘,11.15
600652,游久游戏,600652.sh,2015-04-13,强烈控盘,17.36
600653,申华控股,600653.sh,2015-04-13,强烈控盘,4.79
600654,中安消,600654.sh,2015-04-13,强烈控盘,11.63
600655,豫园商城,600655.sh,2015-04-07,强烈控盘,14.55
600656,*ST博元,600656.sh,2015-04-13,微弱控盘,6.43
600657,信达地产,600657.sh,2015-04-13,高度控盘,7.65
600658,电子城,600658.sh,2015-04-13,强烈控盘,13.59
600660,福耀玻璃,600660.sh,2015-04-13,强烈控盘,13.78
600661,新南洋,600661.sh,2015-04-13,强烈控盘,43.05
600662,强生控股,600662.sh,2015-04-13,强烈控盘,12.41
600663,陆家嘴,600663.sh,2015-04-13,强烈控盘,31.68
600664,哈药股份,600664.sh,2015-04-13,强烈控盘,9.4
600665,天地源,600665.sh,2015-04-13,强烈控盘,6.21
600666,西南药业,600666.sh,2015-04-13,强烈控盘,20.02
600668,尖峰集团,600668.sh,2015-04-13,强烈控盘,15.71
600671,天目药业,600671.sh,2015-04-13,强烈控盘,18.14
600673,东阳光科,600673.sh,2015-04-13,强烈控盘,20.72
600674,川投能源,600674.sh,2015-04-13,强烈控盘,18.05
600675,中华企业,600675.sh,2015-04-13,强烈控盘,7.38
600676,交运股份,600676.sh,2015-04-13,强烈控盘,10.85
600677,航天通信,600677.sh,2014-12-16,微弱控盘,17.75
600678,四川金顶,600678.sh,2015-04-13,强烈控盘,14.25
600679,金山开发,600679.sh,2015-01-20,微弱控盘,14.61
600680,上海普天,600680.sh,2015-04-13,强烈控盘,21.63
600681,万鸿集团,600681.sh,2015-03-12,强烈控盘,8.2
600682,南京新百,600682.sh,2015-04-13,强烈控盘,22.9
600683,京投银泰,600683.sh,2015-04-13,强烈控盘,7.78
600684,珠江实业,600684.sh,2015-04-13,强烈控盘,9.52
600685,广船国际,600685.sh,2015-04-13,轻度控盘,38.65
600686,金龙汽车,600686.sh,2015-04-13,强烈控盘,15.61
600687,刚泰控股,600687.sh,2015-04-13,强烈控盘,27.63
600688,上海石化,600688.sh,2015-04-13,强烈控盘,5.31
600690,青岛海尔,600690.sh,2015-04-13,强烈控盘,20.72
600691,*ST阳化,600691.sh,2015-04-13,强烈控盘,5.83
600692,亚通股份,600692.sh,2015-04-13,强烈控盘,13.35
600693,东百集团,600693.sh,2015-04-13,强烈控盘,10.71
600694,大商股份,600694.sh,2015-04-13,强烈控盘,48.55
600695,绿庭投资,600695.sh,2015-04-10,强烈控盘,10.39
600696,多伦股份,600696.sh,2015-04-13,强烈控盘,11.73
600697,欧亚集团,600697.sh,2015-04-13,高度控盘,26.46
600698,湖南天雁,600698.sh,2015-04-13,强烈控盘,8.28
600699,均胜电子,600699.sh,2015-04-13,强烈控盘,30.82
600701,工大高新,600701.sh,2014-10-31,高度控盘,5.54
600702,沱牌舍得,600702.sh,2015-04-13,高度控盘,19.68
600703,三安光电,600703.sh,2015-04-13,强烈控盘,18.63
600704,物产中大,600704.sh,2015-04-13,强烈控盘,20.42
600705,中航资本,600705.sh,2015-04-13,强烈控盘,23.66
600706,曲江文旅,600706.sh,2015-04-13,强烈控盘,18.83
600707,彩虹股份,600707.sh,2015-04-13,强烈控盘,11.94
600708,海博股份,600708.sh,2015-04-13,强烈控盘,12.64
600710,常林股份,600710.sh,2015-04-13,强烈控盘,6.36
600711,盛屯矿业,600711.sh,2015-04-13,强烈控盘,14.23
600712,南宁百货,600712.sh,2015-04-13,强烈控盘,7.3
600713,南京医药,600713.sh,2015-04-13,强烈控盘,9.48
600714,金瑞矿业,600714.sh,2015-04-13,高度控盘,12.7
600715,*ST松辽,600715.sh,2015-04-13,强烈控盘,19.17
600716,凤凰股份,600716.sh,2015-04-13,强烈控盘,11.89
600717,天津港,600717.sh,2015-04-13,高度控盘,18.97
600718,东软集团,600718.sh,2015-04-13,强烈控盘,24.05
600719,大连热电,600719.sh,2015-03-25,强烈控盘,9.75
600720,祁连山,600720.sh,2015-04-13,强烈控盘,11.44
600721,百花村,600721.sh,2015-04-13,强烈控盘,12.07
600722,金牛化工,600722.sh,2015-03-27,强烈控盘,5.78
600723,首商股份,600723.sh,2015-04-13,强烈控盘,8.84
600724,宁波富达,600724.sh,2015-04-13,强烈控盘,5.78
600725,云维股份,600725.sh,2014-12-17,中度控盘,4.71
600726,华电能源,600726.sh,2015-04-13,强烈控盘,4.75
600727,鲁北化工,600727.sh,2015-04-13,强烈控盘,7.12
600728,佳都科技,600728.sh,2015-04-13,强烈控盘,23.34
600729,重庆百货,600729.sh,2015-04-13,强烈控盘,26.28
600730,中国高科,600730.sh,2015-04-13,强烈控盘,15.37
600731,湖南海利,600731.sh,2015-04-13,强烈控盘,9.57
600732,上海新梅,600732.sh,2015-04-13,强烈控盘,8.02
600734,实达集团,600734.sh,2015-04-13,强烈控盘,8.01
600735,新华锦,600735.sh,2015-04-13,强烈控盘,19.69
600736,苏州高新,600736.sh,2015-04-13,强烈控盘,7.08
600737,中粮屯河,600737.sh,2015-04-13,强烈控盘,11.09
600738,兰州民百,600738.sh,2015-04-13,强烈控盘,8.91
600739,辽宁成大,600739.sh,2015-04-13,强烈控盘,25.59
600740,山西焦化,600740.sh,2015-04-13,强烈控盘,7.39
600741,华域汽车,600741.sh,2015-03-12,强烈控盘,13.93
600742,一汽富维,600742.sh,2015-04-13,高度控盘,33.31
600743,华远地产,600743.sh,2015-04-13,强烈控盘,4.84
600744,华银电力,600744.sh,2015-04-13,强烈控盘,5.84
600745,中茵股份,600745.sh,2014-12-09,轻度控盘,12.71
600746,江苏索普,600746.sh,2015-04-13,强烈控盘,9.23
600747,大连控股,600747.sh,2015-02-03,微弱控盘,6.62
600748,上实发展,600748.sh,2015-03-18,强烈控盘,11.63
600749,西藏旅游,600749.sh,2015-04-13,强烈控盘,15.57
600750,江中药业,600750.sh,2015-04-13,强烈控盘,25.94
600751,天津海运,600751.sh,2015-04-13,强烈控盘,13.78
600753,东方银星,600753.sh,2015-04-13,强烈控盘,19.83
600754,锦江股份,600754.sh,2015-04-13,强烈控盘,22.84
600755,厦门国贸,600755.sh,2015-04-13,强烈控盘,13.82
600756,浪潮软件,600756.sh,2015-01-12,微弱控盘,24.89
600757,长江传媒,600757.sh,2015-04-13,强烈控盘,10.78
600758,红阳能源,600758.sh,2015-04-13,强烈控盘,10.77
600759,洲际油气,600759.sh,2015-04-13,高度控盘,11.55
600760,中航黑豹,600760.sh,2015-04-13,强烈控盘,13.12
600761,安徽合力,600761.sh,2015-04-13,高度控盘,15.85
600763,通策医疗,600763.sh,2015-04-13,强烈控盘,48.77
600764,中电广通,600764.sh,2015-04-13,强烈控盘,13.66
600765,中航重机,600765.sh,2015-04-13,强烈控盘,24.14
600766,园城黄金,600766.sh,2015-04-13,强烈控盘,12.53
600767,运盛实业,600767.sh,2015-04-13,强烈控盘,21.23
600768,宁波富邦,600768.sh,2015-04-13,强烈控盘,14.28
600769,祥龙电业,600769.sh,2015-04-13,强烈控盘,9.68
600770,综艺股份,600770.sh,2015-04-13,强烈控盘,13.47
600771,广誉远,600771.sh,2015-04-13,强烈控盘,30.12
600773,西藏城投,600773.sh,2015-04-13,强烈控盘,15.33
600774,汉商集团,600774.sh,2015-04-13,强烈控盘,14.78
600775,南京熊猫,600775.sh,2015-04-13,强烈控盘,13.94
600776,东方通信,600776.sh,2015-04-13,强烈控盘,11.69
600777,新潮实业,600777.sh,2014-11-24,轻度控盘,10.97
600778,友好集团,600778.sh,2015-04-13,强烈控盘,10.82
600779,水井坊,600779.sh,2015-04-13,强烈控盘,10.67
600780,通宝能源,600780.sh,2015-04-13,强烈控盘,7.44
600781,辅仁药业,600781.sh,2015-04-13,强烈控盘,20.78
600782,新钢股份,600782.sh,2015-04-13,强烈控盘,5.9
600783,鲁信创投,600783.sh,2015-04-13,强烈控盘,30.55
600784,鲁银投资,600784.sh,2015-04-13,强烈控盘,12.5
600785,新华百货,600785.sh,2015-04-13,强烈控盘,16.39
600787,中储股份,600787.sh,2015-04-13,强烈控盘,12.43
600789,鲁抗医药,600789.sh,2015-04-13,强烈控盘,10.96
600790,轻纺城,600790.sh,2015-04-13,强烈控盘,12.24
600791,京能置业,600791.sh,2015-04-13,强烈控盘,7.9
600792,云煤能源,600792.sh,2015-04-13,强烈控盘,7.51
600794,保税科技,600794.sh,2015-04-13,强烈控盘,10.48
600795,国电电力,600795.sh,2015-04-13,强烈控盘,4.19
600796,钱江生化,600796.sh,2015-04-13,强烈控盘,9.35
600797,浙大网新,600797.sh,2015-02-10,中度控盘,9.01
600798,宁波海运,600798.sh,2015-04-13,强烈控盘,6.93
600800,天津磁卡,600800.sh,2015-04-13,强烈控盘,9.5
600801,华新水泥,600801.sh,2015-04-13,强烈控盘,10.53
600802,福建水泥,600802.sh,2015-04-13,强烈控盘,10.74
600803,新奥股份,600803.sh,2015-04-13,强烈控盘,15.99
600804,鹏博士,600804.sh,2015-04-13,强烈控盘,27.6
600805,悦达投资,600805.sh,2015-04-13,强烈控盘,13.91
600806,昆明机床,600806.sh,2015-03-02,中度控盘,8.3
600807,天业股份,600807.sh,2015-04-13,强烈控盘,11.57
600808,马钢股份,600808.sh,2015-04-13,强烈控盘,4
600809,山西汾酒,600809.sh,2015-04-13,强烈控盘,20.87
600810,神马股份,600810.sh,2015-04-13,强烈控盘,8.38
600811,东方集团,600811.sh,2015-04-13,强烈控盘,10.88
600812,华北制药,600812.sh,2015-04-13,强烈控盘,7.4
600814,杭州解百,600814.sh,2015-04-13,强烈控盘,11.16
600815,厦工股份,600815.sh,2015-04-13,强烈控盘,11.07
600816,安信信托,600816.sh,2015-04-13,强烈控盘,34.38
600818,中路股份,600818.sh,2015-04-13,强烈控盘,27.03
600819,耀皮玻璃,600819.sh,2015-04-13,强烈控盘,9.43
600820,隧道股份,600820.sh,2015-04-13,强烈控盘,10.49
600821,津劝业,600821.sh,2015-04-13,强烈控盘,7.43
600822,上海物贸,600822.sh,2015-04-13,强烈控盘,11.5
600823,世茂股份,600823.sh,2015-04-13,强烈控盘,14.38
600824,益民集团,600824.sh,2015-04-13,强烈控盘,8.6
600825,新华传媒,600825.sh,2015-04-13,强烈控盘,13.51
600826,兰生股份,600826.sh,2015-04-13,强烈控盘,23.96
600827,百联股份,600827.sh,2015-03-04,轻度控盘,17.77
600828,成商集团,600828.sh,2015-04-13,强烈控盘,7.04
600829,三精制药,600829.sh,2015-04-13,强烈控盘,13.05
600830,香溢融通,600830.sh,2015-04-13,强烈控盘,14.84
600831,广电网络,600831.sh,2015-04-13,强烈控盘,16.73
600832,XD东方明,600832.sh,2015-04-13,中度控盘,14.38
600833,第一医药,600833.sh,2015-04-13,强烈控盘,16.59
600834,申通地铁,600834.sh,2015-04-13,强烈控盘,10.97
600835,上海机电,600835.sh,2015-04-13,强烈控盘,22.97
600836,界龙实业,600836.sh,2015-04-13,高度控盘,19.1
600837,海通证券,600837.sh,2015-04-13,强烈控盘,23.74
600838,上海九百,600838.sh,2015-04-13,强烈控盘,13.58
600839,四川长虹,600839.sh,2015-04-13,强烈控盘,5.72
600841,上柴股份,600841.sh,2015-04-13,强烈控盘,12.1
600843,上工申贝,600843.sh,2015-04-13,强烈控盘,14.43
600844,丹化科技,600844.sh,2015-04-13,强烈控盘,8.6
600845,宝信软件,600845.sh,2015-04-13,强烈控盘,40.25
600846,同济科技,600846.sh,2015-04-13,强烈控盘,11.52
600847,万里股份,600847.sh,2015-04-13,强烈控盘,18.85
600848,自仪股份,600848.sh,2015-04-13,强烈控盘,14.57
600850,华东电脑,600850.sh,2015-04-13,强烈控盘,48.76
600851,海欣股份,600851.sh,2015-04-13,强烈控盘,10.82
600853,龙建股份,600853.sh,2015-04-13,强烈控盘,7.08
600854,春兰股份,600854.sh,2015-04-13,强烈控盘,6.58
600855,航天长峰,600855.sh,2015-04-13,中度控盘,29.23
600856,长百集团,600856.sh,2015-04-13,强烈控盘,16.9
600857,工大首创,600857.sh,2015-04-13,强烈控盘,18.58
600858,银座股份,600858.sh,2015-01-09,强烈控盘,8.79
600859,王府井,600859.sh,2015-04-13,强烈控盘,23.5
600861,北京城乡,600861.sh,2015-04-13,强烈控盘,11.02
600862,南通科技,600862.sh,2015-04-13,强烈控盘,13.71
600863,内蒙华电,600863.sh,2015-04-13,强烈控盘,4.37
600864,哈投股份,600864.sh,2015-04-13,强烈控盘,14.87
600865,百大集团,600865.sh,2015-04-13,强烈控盘,13.19
600866,星湖科技,600866.sh,2015-03-18,强烈控盘,7.44
600867,通化东宝,600867.sh,2015-04-13,强烈控盘,18.74
600868,梅雁吉祥,600868.sh,2015-04-13,强烈控盘,4.72
600869,智慧能源,600869.sh,2015-04-13,强烈控盘,14.05
600870,厦华电子,600870.sh,2014-12-31,微弱控盘,8.89
600872,中炬高新,600872.sh,2015-04-13,强烈控盘,13.08
600873,梅花生物,600873.sh,2015-04-13,强烈控盘,8.52
600874,创业环保,600874.sh,2015-04-13,强烈控盘,12.73
600875,东方电气,600875.sh,2015-04-13,强烈控盘,20.92
600876,洛阳玻璃,600876.sh,2015-04-13,强烈控盘,10.48
600877,中国嘉陵,600877.sh,2015-04-13,强烈控盘,8.95
600879,航天电子,600879.sh,2015-04-13,强烈控盘,19.01
600880,博瑞传播,600880.sh,2015-04-13,强烈控盘,14.97
600881,亚泰集团,600881.sh,2015-04-13,强烈控盘,8.72
600882,华联矿业,600882.sh,2015-04-13,强烈控盘,10
600883,博闻科技,600883.sh,2015-04-13,强烈控盘,11.4
600884,杉杉股份,600884.sh,2015-04-13,强烈控盘,21.66
600885,宏发股份,600885.sh,2015-04-13,强烈控盘,24.81
600886,国投电力,600886.sh,2015-04-13,强烈控盘,10.09
600887,伊利股份,600887.sh,2015-04-13,强烈控盘,28.34
600888,新疆众和,600888.sh,2015-04-13,强烈控盘,9.11
600889,南京化纤,600889.sh,2015-04-13,强烈控盘,11.62
600890,中房股份,600890.sh,2015-04-13,强烈控盘,8.2
600891,秋林集团,600891.sh,2015-04-13,强烈控盘,9.07
600892,宝诚股份,600892.sh,2015-04-13,强烈控盘,34.91
600893,中航动力,600893.sh,2015-04-13,强烈控盘,33.17
600894,广日股份,600894.sh,2015-04-13,强烈控盘,16.8
600895,张江高科,600895.sh,2015-04-13,强烈控盘,18.18
600896,中海海盛,600896.sh,2015-04-13,强烈控盘,7.08
600897,厦门空港,600897.sh,2015-04-13,强烈控盘,25.21
600898,三联商社,600898.sh,2015-04-13,强烈控盘,13.67
600900,长江电力,600900.sh,2015-04-13,强烈控盘,8.5
600917,重庆燃气,600917.sh,2015-04-13,强烈控盘,12.84
600960,DR渤海活,600960.sh,2015-04-13,强烈控盘,14.76
600961,株冶集团,600961.sh,2015-04-13,强烈控盘,11.9
600962,国投中鲁,600962.sh,2015-04-13,强烈控盘,15.91
600963,岳阳林纸,600963.sh,2015-04-08,强烈控盘,6.49
600965,福成五丰,600965.sh,2015-04-13,强烈控盘,12.54
600966,博汇纸业,600966.sh,2015-04-13,强烈控盘,9.88
600967,北方创业,600967.sh,2015-04-10,强烈控盘,17.08
600969,郴电国际,600969.sh,2015-04-13,强烈控盘,18.79
600970,中材国际,600970.sh,2015-04-13,强烈控盘,14.38
600971,恒源煤电,600971.sh,2015-04-13,强烈控盘,8.69
600973,宝胜股份,600973.sh,2015-04-13,强烈控盘,12.54
600975,新五丰,600975.sh,2015-04-13,强烈控盘,14.39
600976,健民集团,600976.sh,2015-04-13,强烈控盘,31.63
600978,宜华木业,600978.sh,2015-04-13,强烈控盘,8.89
600979,广安爱众,600979.sh,2015-04-13,强烈控盘,7.99
600980,北矿磁材,600980.sh,2015-04-13,强烈控盘,18.92
600981,汇鸿股份,600981.sh,2015-04-13,强烈控盘,8.39
600982,宁波热电,600982.sh,2015-04-13,中度控盘,8.93
600983,惠而浦,600983.sh,2015-04-13,强烈控盘,13.48
600984,*ST建机,600984.sh,2015-04-13,强烈控盘,8.23
600985,雷鸣科化,600985.sh,2015-04-13,强烈控盘,17.86
600986,科达股份,600986.sh,2015-04-13,强烈控盘,15.98
600987,航民股份,600987.sh,2015-04-13,强烈控盘,11.46
600988,赤峰黄金,600988.sh,2015-04-13,强烈控盘,12.85
600990,四创电子,600990.sh,2015-04-13,中度控盘,58.9
600992,贵绳股份,600992.sh,2015-04-13,强烈控盘,13.54
600993,马应龙,600993.sh,2015-04-13,强烈控盘,25.15
600995,文山电力,600995.sh,2015-04-13,强烈控盘,8.83
600997,开滦股份,600997.sh,2015-04-13,强烈控盘,7.06
600998,九州通,600998.sh,2015-04-13,强烈控盘,22.79
600999,招商证券,600999.sh,2015-04-13,强烈控盘,28.15
601000,唐山港,601000.sh,2015-04-13,高度控盘,12.72
601001,大同煤业,601001.sh,2015-04-13,强烈控盘,8.7
601002,晋亿实业,601002.sh,2015-04-13,强烈控盘,19.22
601003,柳钢股份,601003.sh,2015-04-13,强烈控盘,3.94
601005,重庆钢铁,601005.sh,2015-04-13,强烈控盘,3.85
601006,大秦铁路,601006.sh,2015-04-13,强烈控盘,9.39
601007,金陵饭店,601007.sh,2015-04-13,强烈控盘,14
601008,连云港,601008.sh,2015-04-13,强烈控盘,11.92
601009,南京银行,601009.sh,2015-04-13,强烈控盘,14.29
601010,文峰股份,601010.sh,2015-04-13,强烈控盘,10.9
601011,宝泰隆,601011.sh,2015-04-13,强烈控盘,12.12
601012,隆基股份,601012.sh,2015-04-13,强烈控盘,55.08
601015,陕西黑猫,601015.sh,2015-04-13,强烈控盘,17.29
601016,节能风电,601016.sh,2015-04-13,强烈控盘,13.88
601018,宁波港,601018.sh,2015-04-13,强烈控盘,4.31
601028,玉龙股份,601028.sh,2015-04-13,强烈控盘,23.11
601038,一拖股份,601038.sh,2015-04-13,高度控盘,14.57
601058,赛轮金宇,601058.sh,2015-04-13,强烈控盘,20.19
601088,中国神华,601088.sh,2015-04-13,强烈控盘,19.83
601098,中南传媒,601098.sh,2015-04-13,强烈控盘,17.24
601099,太平洋,601099.sh,2015-04-13,强烈控盘,14.01
601100,恒立油缸,601100.sh,2015-04-13,强烈控盘,13.35
601101,昊华能源,601101.sh,2015-04-13,强烈控盘,8.54
601106,中国一重,601106.sh,2015-04-13,强烈控盘,5.57
601107,四川成渝,601107.sh,2015-04-13,强烈控盘,5.05
601111,中国国航,601111.sh,2015-04-13,强烈控盘,7.58
601113,华鼎股份,601113.sh,2015-04-13,强烈控盘,6.91
601116,三江购物,601116.sh,2015-04-13,强烈控盘,10.21
601117,中国化学,601117.sh,2015-04-13,强烈控盘,8.94
601118,海南橡胶,601118.sh,2015-04-13,强烈控盘,9.43
601126,四方股份,601126.sh,2015-04-13,强烈控盘,21.94
601137,博威合金,601137.sh,2015-04-13,强烈控盘,19.84
601139,深圳燃气,601139.sh,2015-04-13,强烈控盘,8.83
601158,重庆水务,601158.sh,2015-04-13,强烈控盘,7.36
601166,兴业银行,601166.sh,2015-04-13,强烈控盘,15.93
601168,西部矿业,601168.sh,2015-04-13,强烈控盘,9.5
601169,北京银行,601169.sh,2015-04-13,强烈控盘,10.06
601177,杭齿前进,601177.sh,2015-04-13,强烈控盘,9.68
601179,中国西电,601179.sh,2015-04-13,高度控盘,7.06
601186,中国铁建,601186.sh,2015-04-13,强烈控盘,14.53
601188,龙江交通,601188.sh,2015-04-13,强烈控盘,4.76
601199,江南水务,601199.sh,2015-04-13,强烈控盘,20.89
601208,东材科技,601208.sh,2015-04-13,强烈控盘,10.36
601216,内蒙君正,601216.sh,2015-04-13,强烈控盘,16.93
601218,吉鑫科技,601218.sh,2015-04-13,强烈控盘,10.76
601222,林洋电子,601222.sh,2015-04-13,强烈控盘,27.57
601225,陕西煤业,601225.sh,2015-04-13,强烈控盘,7.18
601226,华电重工,601226.sh,2015-04-13,强烈控盘,21.82
601231,环旭电子,601231.sh,2015-04-13,高度控盘,34.26
601233,桐昆股份,601233.sh,2015-04-13,强烈控盘,11.72
601238,广汽集团,601238.sh,2015-04-13,强烈控盘,9.03
601258,庞大集团,601258.sh,2015-04-13,强烈控盘,7.64
601288,农业银行,601288.sh,2015-04-13,强烈控盘,2.64
601299,中国北车,601299.sh,2015-04-13,强烈控盘,13.13
601311,骆驼股份,601311.sh,2015-04-13,强烈控盘,17.27
601313,江南嘉捷,601313.sh,2015-04-13,强烈控盘,12.21
601318,中国平安,601318.sh,2015-04-13,强烈控盘,73.83
601328,交通银行,601328.sh,2015-04-13,强烈控盘,5.78
601333,广深铁路,601333.sh,2015-04-13,强烈控盘,4.55
601336,新华保险,601336.sh,2015-04-13,强烈控盘,47.4
601339,百隆东方,601339.sh,2015-04-13,强烈控盘,17.91
601369,陕鼓动力,601369.sh,2015-04-13,强烈控盘,8.53
601377,兴业证券,601377.sh,2015-04-13,强烈控盘,15.38
601388,怡球资源,601388.sh,2015-04-13,强烈控盘,11.62
601390,中国中铁,601390.sh,2015-04-13,强烈控盘,9.71
601398,工商银行,601398.sh,2015-04-13,强烈控盘,4.13
601515,东风股份,601515.sh,2015-04-13,强烈控盘,13.3
601518,吉林高速,601518.sh,2015-04-13,强烈控盘,3.84
601519,大智慧,601519.sh,2015-04-08,强烈控盘,25.37
601555,东吴证券,601555.sh,2015-04-13,强烈控盘,22.97
601566,九牧王,601566.sh,2015-04-13,强烈控盘,13.86
601567,三星电气,601567.sh,2015-04-13,强烈控盘,16.67
601579,会稽山,601579.sh,2015-04-13,强烈控盘,14.75
601588,北辰实业,601588.sh,2015-03-25,高度控盘,4.37
601599,鹿港科技,601599.sh,2015-04-13,强烈控盘,12.96
601600,中国铝业,601600.sh,2015-04-13,强烈控盘,5.93
601601,中国太保,601601.sh,2015-04-13,高度控盘,29.61
601607,上海医药,601607.sh,2015-04-13,强烈控盘,19.24
601608,中信重工,601608.sh,2015-01-21,轻度控盘,7.18
601616,广电电气,601616.sh,2015-04-13,强烈控盘,6.5
601618,中国中冶,601618.sh,2015-04-13,强烈控盘,4.5
601628,中国人寿,601628.sh,2015-04-13,高度控盘,26.98
601633,长城汽车,601633.sh,2015-04-13,强烈控盘,34.45
601636,旗滨集团,601636.sh,2015-04-13,强烈控盘,8.91
601666,平煤股份,601666.sh,2015-04-13,强烈控盘,5.98
601668,中国建筑,601668.sh,2015-04-13,强烈控盘,6.44
601669,中国电建,601669.sh,2015-04-13,强烈控盘,9.79
601677,明泰铝业,601677.sh,2015-04-13,强烈控盘,14.35
601678,滨化股份,601678.sh,2015-04-13,强烈控盘,12.28
601688,华泰证券,601688.sh,2015-04-13,强烈控盘,25.94
601699,潞安环能,601699.sh,2015-04-13,强烈控盘,11.49
601700,风范股份,601700.sh,2015-04-13,强烈控盘,25.59
601717,郑煤机,601717.sh,2015-04-13,强烈控盘,8.32
601718,际华集团,601718.sh,2015-04-13,强烈控盘,6.44
601727,上海电气,601727.sh,2015-04-13,强烈控盘,9.81
601766,中国南车,601766.sh,2015-04-13,强烈控盘,13.31
601777,力帆股份,601777.sh,2015-04-13,强烈控盘,10.55
601788,光大证券,601788.sh,2015-04-13,强烈控盘,26.46
601789,宁波建工,601789.sh,2015-04-13,强烈控盘,10.55
601798,蓝科高新,601798.sh,2015-04-13,强烈控盘,13.7
601799,星宇股份,601799.sh,2015-04-13,强烈控盘,21.57
601800,中国交建,601800.sh,2015-04-13,强烈控盘,14.57
601801,皖新传媒,601801.sh,2015-04-13,强烈控盘,18.1
601808,中海油服,601808.sh,2015-04-13,强烈控盘,19.58
601818,光大银行,601818.sh,2015-04-13,强烈控盘,4.19
601857,中国石油,601857.sh,2015-04-13,高度控盘,10.38
601866,中海集运,601866.sh,2015-04-13,强烈控盘,4.59
601872,招商轮船,601872.sh,2015-04-13,强烈控盘,6.19
601877,正泰电器,601877.sh,2015-04-13,强烈控盘,25.57
601880,大连港,601880.sh,2015-04-13,强烈控盘,5.87
601886,江河创建,601886.sh,2015-04-13,强烈控盘,9.74
601888,中国国旅,601888.sh,2015-03-13,强烈控盘,38.96
601890,亚星锚链,601890.sh,2015-04-13,强烈控盘,11.81
601898,中煤能源,601898.sh,2015-04-13,强烈控盘,6.87
601899,紫金矿业,601899.sh,2015-04-13,强烈控盘,3.83
601901,方正证券,601901.sh,2015-04-13,强烈控盘,13.84
601908,京运通,601908.sh,2015-04-13,强烈控盘,15.71
601918,国投新集,601918.sh,2015-04-13,强烈控盘,7.03
601919,中国远洋,601919.sh,2015-04-13,强烈控盘,6.4
601928,凤凰传媒,601928.sh,2015-04-13,强烈控盘,13
601929,吉视传媒,601929.sh,2015-04-13,强烈控盘,13.58
601933,永辉超市,601933.sh,2015-04-13,强烈控盘,9.5
601939,建设银行,601939.sh,2015-04-13,强烈控盘,6.08
601958,金钼股份,601958.sh,2015-04-13,强烈控盘,10.28
601965,中国汽研,601965.sh,2015-04-13,强烈控盘,16.6
601969,海南矿业,601969.sh,2015-04-07,强烈控盘,20.36
601988,中国银行,601988.sh,2015-04-13,高度控盘,3.74
601989,中国重工,601989.sh,2015-04-13,高度控盘,9.36
601991,大唐发电,601991.sh,2015-04-13,强烈控盘,6.87
601992,金隅股份,601992.sh,2015-04-13,高度控盘,9.77
601996,丰林集团,601996.sh,2015-04-13,强烈控盘,10.04
601998,中信银行,601998.sh,2015-04-13,强烈控盘,5.67
601999,出版传媒,601999.sh,2015-04-13,强烈控盘,13.84
603000,人民网,603000.sh,2015-04-13,强烈控盘,57.26
603001,奥康国际,603001.sh,2015-04-13,强烈控盘,20.32
603002,宏昌电子,603002.sh,2015-04-13,强烈控盘,10.28
603003,龙宇燃油,603003.sh,2014-12-18,强烈控盘,19.18
603005,晶方科技,603005.sh,2015-04-13,轻度控盘,54.78
603006,联明股份,603006.sh,2015-04-13,强烈控盘,45.66
603008,喜临门,603008.sh,2015-04-13,强烈控盘,18.3
603009,北特科技,603009.sh,2015-04-13,强烈控盘,26.22
603010,万盛股份,603010.sh,2015-03-04,中度控盘,25.86
603011,合锻股份,603011.sh,2015-04-13,强烈控盘,27.05
603017,园区设计,603017.sh,2015-04-10,强烈控盘,81.7
603018,设计股份,603018.sh,2015-04-07,高度控盘,74.13
603019,中科曙光,603019.sh,2015-04-10,强烈控盘,83.84
603077,和邦股份,603077.sh,2015-04-13,强烈控盘,13.56
603088,宁波精达,603088.sh,2015-04-13,高度控盘,39.82
603099,长白山,603099.sh,2015-04-13,强烈控盘,19.21
603100,川仪股份,603100.sh,2015-04-13,强烈控盘,19.48
603111,康尼机电,603111.sh,2015-04-13,强烈控盘,28.32
603123,翠微股份,603123.sh,2015-04-13,强烈控盘,12.07
603126,中材节能,603126.sh,2015-04-13,强烈控盘,18.79
603128,华贸物流,603128.sh,2015-04-13,强烈控盘,23.53
603166,福达股份,603166.sh,2015-04-10,中度控盘,19.96
603167,渤海轮渡,603167.sh,2015-04-13,强烈控盘,14.18
603168,莎普爱思,603168.sh,2015-04-13,强烈控盘,112.16
603169,兰石重装,603169.sh,2015-04-13,高度控盘,27.16
603188,亚邦股份,603188.sh,2015-04-13,强烈控盘,62.36
603288,海天味业,603288.sh,2015-04-13,强烈控盘,50.37
603306,华懋科技,603306.sh,2015-04-13,强烈控盘,30.84
603308,应流股份,603308.sh,2015-04-13,强烈控盘,22.03
603328,依顿电子,603328.sh,2015-04-13,强烈控盘,27.38
603333,明星电缆,603333.sh,2015-04-13,强烈控盘,7.39
603366,日出东方,603366.sh,2015-04-13,强烈控盘,22.17
603368,柳州医药,603368.sh,2015-04-13,强烈控盘,62.69
603369,今世缘,603369.sh,2015-04-13,强烈控盘,31.17
603399,新华龙,603399.sh,2015-04-13,强烈控盘,13.39
603456,九洲药业,603456.sh,2015-04-13,强烈控盘,43.62
603518,维格娜丝,603518.sh,2015-04-13,高度控盘,35.42
603555,贵人鸟,603555.sh,2015-04-13,强烈控盘,32.17
603588,高能环境,603588.sh,2015-04-13,强烈控盘,59.93
603606,东方电缆,603606.sh,2015-04-13,强烈控盘,29.13
603609,禾丰牧业,603609.sh,2015-04-13,强烈控盘,16.56
603636,南威软件,603636.sh,2015-04-13,强烈控盘,59.33
603688,石英股份,603688.sh,2015-04-13,强烈控盘,21.91
603699,纽威股份,603699.sh,2015-04-13,强烈控盘,23.02
603766,隆鑫通用,603766.sh,2015-04-13,强烈控盘,17.83
603806,福斯特,603806.sh,2015-04-13,强烈控盘,44.66
603889,新澳股份,603889.sh,2015-04-13,强烈控盘,31.53
603988,中电电机,603988.sh,2015-04-13,强烈控盘,50.45
603993,洛阳钼业,603993.sh,2015-04-13,强烈控盘,10.39
603998,方盛制药,603998.sh,2015-04-13,强烈控盘,43.42
